Key,Type,Desc,English,Russian,German,Chinese (Simplified),Chinese (Traditional),French,Portuguese (Brazil),Korean,Japanese,Italian,Turkish,Arabic,Swedish,Norwegian,Danish,Polish,Spanish,Finnish,Dutch (Netherlands),Portuguese,Greek,Hungarian,Romanian,Bulgariaa,Thai,Czech,Ukrainian
OPTIONS,Text,,OPTIONS,НАСТРОЙКИ,EINSTELLUNGEN,选项,選項,OPTIONS,OPÇÕES,옵션,オプション,OPZIONI,SEÇENEKLER,خيارات,INSTäLLNINGAR,INNSTILLINGER,INDSTILLINGER,OPCJE,OPCIONES,ASETUKSET,OPTIES,OPÇÕES,ΕΠΙΛΟΓΈΣ,OPCIÓK,OPTIUNI,ВАРИАНТИ,ตัวเลือก,VOLBY,ВАРІАНТИ
CLOSE,Text,,CLOSE,ЗАКРЫТЬ,SCHLIESSEN,关闭,關閉,FERMER,FECHAR,닫기,閉じる,CHIUDI,KAPAT,أغلق,STäNG,LUKK,LUK,ZAMKNIJ,CERRAR,SULJE,SLUITEN,FECHAR,ΚΟΝΤΆ,BEZÁR,ÎNCHIDE,БЛИЗО,ใกล้,ZAVŘÍT,БЛИЗЬКО
GRAPHICS OPTIONS,Text,,GRAPHICS OPTIONS,НАСТРОЙКА ГРАФИКИ,GRAFIKEINSTELLUNGEN,图形选项,圖形選項,PARAMÈTRE GRAPHIQUE,OPÇOES DE VIDEO,그래픽 옵션,グラフィックスオプション,OPZIONI GRAFICHE,GRAFIK AYARLARI,خيارات الرسومات,GRAFIKALTERNATIV,GRAFIKK ALTERNATIVER,GRAFISKE INDSTILLINGER,OPCJE GRAFIKI,OPCIONES DE GRAFICOS,GRAFIIKKA-ASETUKSET,GRAFISCHE OPTIES,OPÇÕES DE GRÁFICOS,ΕΠΙΛΟΓΈΣ ΓΡΑΦΙΚΏΝ,GRAFIKAI BEÁLLÍTÁSOK,OPțIUNI GRAFICE,ВАРИАНТИ ГРАФИКИ,กราฟิกตัวเลือก,NASTAVENÍ GRAFIKY,ВАРІАНТИ ГРАФІКА
AUDIO OPTIONS,Text,,AUDIO OPTIONS,НАСТРОЙКИ ЗВУКА,AUDIO OPTIONEN,音频选项,音頻選項,OPTIONS AUDIO,OPÇÕES DE ÁUDIO,오디오 옵션,オーディオオプション,OPZIONI AUDIO,SES AYARLARI,خيارات الصوت,LJUDALTERNATIV,LYD ALTERNATIVER,LYD,OPCJE DŹWIĘKU,OPCIONES DE AUDIO,ÄÄNIASETUKSET,AUDIO-OPTIES,OPÇÕES DE ÁUDIO,ΕΠΙΛΟΓΈΣ ΉΧΟΥ,HANG BEáLLíTáSOK,OPțIUNILE DE SUNET,ЗВУКОВИ ОПЦИИ,ตัวเลือกเสียง,VOLBY ZVUK,ВАРІАНТИ ЗВУК
GAME & INPUT OPTIONS,Text,,GAME & INPUT OPTIONS,Настройки Игры,SPIEL & EINGABEOPTIONEN,游戏与输入选项,其他選項,OPTIONS COMMANDES & JEU,OPÇÕES ADICIONAIS,추가 옵션,追加オプション,CONTROLLI E OPZIONI DI GIOCO,OYUN VE KONTROL SEÇENEKLERİ,خيارات اضافية,SPEL- & KONTROLLSALTERNATIV,FLERE ALTERNATIVER,SPIL OG INPUT INDSTILLINGER,OPCJE GRY I KLAWIATURY,OPCIONES ADICIONALES,PELIASETUKSET,EXTRA OPTIES,OPÇÕES DE JOGO E CONTROLE,ΠΑΙΧΝΊΔΙ,JáTéK éS VEZéRLéSI BEáLLíTáSOK,JOC,ИГРА,เกม,HRA,ГРА
SHOW CONTROLS HELP,Text,,SHOW CONTROLS HELP,Показать Клавиши Управления,STEUERUNGSHILFEN ANZEIGEN,显示操控帮助,顯示控制幫助,AFFICHER LES AIDES DE CONTRôLE,MOSTRAR AJUDA DE CONTROLES,쇼 관리 것,コントロールヘルプ表示,MOSTRA I CONTROLLI,KONTROL YARDIM GÖSTER,عرض الإدارة سوف,VISA KONTROLLHJÄLP,UTSTILLINGS VIL,STYRINGS HJæLP,POKAż KLAWISZE,MOSTRAR CONTROLES,NÄYTÄ OHJAIN OHJE,TOON CONTROLE HULP,MOSTRAR AJUDA DE CONTROLOS,ΈΛΕΓΧΟΙ ΔΕΊΧΝΟΥΝ ΒΟΗΘΉΣΕΙ,AZ IRáNYíTáS SEGíTő MUTATáSA,SEGÍTSÉG,CONTROALELE ARATĂ AJUTOR,КОНТРОЛИ ПОКАЗВАТ ПОМОЩ,ควบคุมการแสดงความช่วยเหลือ,OVLÁDÁNÍ SIGNALIZUJE POMOC
INVERT LOOK Y AXIS,Text,,INVERT LOOK Y AXIS,ИНВЕРТИРОВАТЬ ОСЬ Y,Y-ACHSE UMKEHREN,反转Y轴,縱向反轉,INVERSER L'AXE Y,INVERTER EIXO Y DA CÂMERA,반전 한눈에,Y軸反転,INVERTI Y AXIS,BAKışı TERS çEVIR,وهلة المقلوب,INVERTERA Y-TITTAXEL,INVERT BLIKK,INVERT INDSTILLINGER,ODWRóć Oś Y,VISTA INVERTIDA,INVERTOI KAMERAN Y AKSELI,OMDRAAIEN VAN DE Y AXIS,INVERTER EIXO Y DO OLHAR,ΆΞΟΝΑ ΜΑΤΙΆ Y ΙΜΒΕΡΤΟΠΟΙΗΜΈΝΟ,NÉZD Y TENGELY INVERT,UITE Y AXA INVERTIT,ПОГЛЕДНЕТЕ У ОС ИНВЕРТНА,มองกลับแกน Y,VYPADAT OSA Y INVERZE,ДИВІТЬСЯ ВІСЬ Y ИНВЕРТИРОВАТЬ
ALLOW GAMEPAD VIBRATION,Text,,ALLOW GAMEPAD VIBRATION,ВКЛ. ВИБРАЦИЮ,ERLAUBE GAMEPAD VIBRATION,允许手柄振动,允許手柄振動,PERMETTRE LES VIBRATIONS DE LA MANETTE,PERMITIR VIBRAÇÃO DO CONTROLE,게임 패드 진동을 허용,ゲームパッドの振動を許可,CONSENTIRE VIBRAZIONI GAMEPAD,GAMEPAD TİTREŞİM AÇIK,السماح غمبد الاهتزاز,TILLÅT KONTROLLVIBRATIONER,TILLATE GAMEPAD VIBRASJON,TILLAD GAMEPAD VIBRATION,POZWóL NA WIBRACJE KONTROLERA,PERMITIR VIBRACIóN DEL GAMEPAD,SALLI PELIOHJAIMEN TäRINä,GAMEPAD TRILLINGEN TOESTAAN,PERMITIR VIBRAÇÃO DO GAMEPAD,ΕΠΙΤΡΈΠΟΥΝ ΔΌΝΗΣΗ GAMEPAD,GAMEPAD VIBRáCIó ENGEDéLYEZéSE,PERMIT VIBRAțII GAMEPAD,ПОЗВОЛИ ГЕЙМПАД ВИБРАЦИИ,ช่วยให้การสั่นสะเทือน GAMEPAD,DOVOLIT GAMEPAD VIBRACÍ,ДОЗВОЛЯЮТЬ ГЕЙМПАД ВІБРАЦІЇ
ALWAYS SHOW CROSSHAIR,Text,,ALWAYS SHOW CROSSHAIR,ВСЕГДА ПОКАЗЫВАТЬ ПРИЦЕЛ,FADENKREUZ IMMER ZEIGEN,总是显示准星,總是顯示準星,TOUJOURS MONTRER LE RéTICULE,SEMPRE MOSTRAR UMA MIRA,항상 십자선을 표시,常に照準を表示,MIRINO SEMPRE VISIBILE,HER ZAMAN NİŞAN GÖSTER,تظهر دائما التقاطع,VISAR ALLTID ETT HÅRKORS,ALLTID VISE ET TRÅDKORS,VIS ALTID TRÅDKORS,ZAWSZE POKAZUJ CELOWNIK,SIMPRE MOSTRAR UN PUNTO DE MIRA,NÄYTÄ TÄHTÄIN,ALTIJD MIKPUNT LATEN ZIEN,MOSTRAR SEMPRE MIRA,ΔΕΊΧΝΟΥΝ ΠΆΝΤΑ ΣΤΑΥΡΌΝΗΜΑ,CéLKERESZT FOLYTONOS MUTATáSA,ARATĂ ÎNTOTDEAUNA CURSORUL,ВИНАГИ ПОКАЖЕ МЕРНИКА,เคยแสดงกากบาท,VŽDY ZOBRAZIT ZAMĚŘOVAČE,ЗАВЖДИ ПОКАЗУВАТИ ПЕРЕХРЕСТЯ
INPUT REMAPPING,Text,,INPUT REMAPPING,Перенастроить Клавиши,TASTENBELEGUNG ÄNDERN,修改键位绑定,輸入重定向,CONFIGURATION DES TOUCHES,CONFIGURAÇÕES DE ENTRADA,입력 리디렉션,操作キー変更,REDIREZIONE DEGL' IMPUT,KONTROLLERİ DEĞİŞTİR,مدخلات إعادة توجيه,INGÅNGS OMDIRIGERING,INNGANG OMDIRIGERING,INPUT GENAFBILDNING,ZMIANA KLAWISZY,CAMBIAR CONTROLES,VAIHDA NÄPPÄIMIÄ,TOETSEN HERLEIDEN,ALTERAÇÃO DE CONTROLOS,ΑΝΤΙΣΤΟΊΧΙΣΗ ΕΙΣΌΔΟΥ,INPUT MEGFELELŐ,POTRIVIRE DE INTRARE,ВХОД ЗА СЪВПАДЕНИЕ,การจับคู่การป้อนข้อมูล,VSTUP VYHOVUJÍCÍ,ВІДПОВІДНИЙ ВХІД
MOUSE SENSITIVITY,Text,,MOUSE SENSITIVITY,ЧУВСТВИТЕЛЬНОСТЬ МЫШИ,MAUS-EMPFINDLICHKEIT,鼠标灵敏度,鼠標靈敏度,SENSIBILITÉ DE LA SOURIS,SENSIBILIDADE DO MOUSE,마우스 감도,マウス感度,SENSIBILITÀ DEL MOUSE,FARE HASSASIYETI,حساسية الفأرة,MUSENS KÄNSLIGHET,MUS FØLSOMHET,FØLSOMHED AF MUS,CZUŁOŚĆ MYSZY,SENSIBILIDAD DEL RATON,HIIREN HERKKYYS,MUIS GEVOELIGHEID,SENSIBILIDADE DO MOUSE,ΕΥΑΙΣΘΗΣΊΑ ΤΟΥ ΠΟΝΤΙΚΙΟΎ,EGÉR ÉRZÉKENYSÉGÉT,SENSIBILITATEA MOUSE-ULUI,ЧУВСТВИТЕЛНОСТТА НА МИШКАТА,ความไวของเมาส์,CITLIVOST MYŠI,ЧУТЛИВІСТЬ МИШІ
FIELD OF VIEW (VERTICAL),Text,,FIELD OF VIEW (VERTICAL),УГОЛ ОБЗОРА (ВЕРТИКАЛЬНЫЙ),SICHTFELD (VERTIKAL),垂直视角,視角,ANGLE DE VISION (VERTICAL),CAMPO DE VISÃO (VERTICAL),시야각,視野角　(垂直FOV),ANGOLO DI VISIONE,GÖRÜŞ AÇISI,زاوية الرؤية,BETRAKTNINGSVINKEL,VISNINGSVINKEL,BETRAGTNINGSVINKEL,POLE WIDZENIA,CAMPO DE VISION (VERTICAL),KATSELUKULMA,KIJK HOEK,CAMPO DE VISÃO (VERTICAL),ΟΠΤΙΚΌ ΠΕΔΊΟ (ΚΆΘΕΤΟ),MEZŐ (MERŐLEGES),CÂMP (PERPENDICULAR),ПОЛЕ (ПЕРПЕНДИКУЛЯРНО),ฟิลด์ (ตั้งฉาก),POLE (KOLMÉ),ПОЛЕ (ПЕРПЕНДИКУЛЯРНИЙ ДО)
MASTER VOLUME,Text,,MASTER VOLUME,Общая громкость,GESAMTLAUTSTÄRKE,主音量,主音量,VOLUME PRINCIPAL,VOLUME PRINCIPAL,마스터 볼륨,マスターボリューム,VOLUME PRINCIPALE,ANA SES,الصوت الرئيسي,MASTERVOLYM,HOVEDVOLUMET,PRIMæR LYD,GŁOŚNOŚĆ,VOLUMEN PRINCIPAL,PÄÄVOIMAKKUUS,HOOFD VOLUME,VOLUME GLOBAL,ΠΛΟΊΑΡΧΟΣ ΤΟΥ ΌΓΚΟΥ,MASTER TUMOR,TUMORA MASTER,MASTER ТУМОР,เนื้องอก MASTER,MASTER NÁDOR,MASTER ПУХЛИНИ
SOUND EFFECTS VOLUME,Text,,SOUND EFFECTS VOLUME,Громкость Эффектов,LAUTSTäRKE FüR GERäUSCHEFFEKTE,音效音量,音效音量,VOLUME DES EFFETS SONORES,VOLUME DOS EFEITOS,효과음의 음량,効果音の音量,VOLUME EFFETTI SONORI,SES EFEKT SEVİYESİ,حجم المؤثرات الصوتية,VOLYMEN AV LJUDEFFEKTER,LYDEFFEKTER VOLUM,LYD EFFEKTER LYDSTYRKE,GŁOŚNOŚĆ EFEKTÓW DŹWIĘKOWYCH,VOLUMEN DE LOS EFECTOS DE SONIDO,ÄäNITEHOSTEIDEN ääNENVOIMAKKUUS,GELUIDSEFFECTEN,VOLUME DOS EFEITOS SONOROS,ΌΓΚΟ ΗΧΗΤΙΚΆ ΕΦΈ,KÖTET HANGHATÁSOK,EFECTE DE SUNET DE VOLUM,ОБЕМ НА ЗВУКОВИ ЕФЕКТИ,ผลกระทบเสียงปริมาณ,HLASITOSTI EFEKTY,ОБСЯГ ЗВУКОВІ ЕФЕКТИ
MUSIC VOLUME,Text,,MUSIC VOLUME,Громкость Музыки,MUSIK LAUTSTÄRKE,音乐音量,音樂音量,VOLUME DE LA MUSIQUE,VOLUME DA MÚSICA,음악의 음량,音楽の音量,VOLUME MUSICA,MÜZİK SESİ,حجم الموسيقى,MUSIKVOLYM,MUSIKK VOLUM,MUSIK LYDSTYRKE,GłOśNOść MUZYKI,VOLUMEN DE LA MUSICA,MUSIIKIN ääNENVOIMAKKUUS,MUZIEK VOLUME,VOLUME DA MÚSICA,ΈΝΤΑΣΗ ΤΗΣ ΜΟΥΣΙΚΉΣ,ZENE ERŐSSÉG,MUSIC INTENSITATE,ИНТЕНЗИВНОСТ MUSIC,MUSIC เข้ม,INTENZITA MUSIC,ІНТЕНСИВНІСТЬ MUSIC
NOTIFICATIONS VOLUME,Text,,NOTIFICATIONS VOLUME,Громкость Уведомлений,BENACHRICHTIGUNGS LAUTSTÄRKE,提示音量,通知量,VOLUME DES NOTIFICATIONS,VOLUME DE NOTIFICAÇÃO,통지의 양,通知の音量,VOLUME NOTIFICHE,BİLDİRİM SES SEVİYESİ,كمية إشعار,NOTIFIKATIONSVOLYM,VARSEL VOLUM,NOTIFIKATION LYDSTYRKE,GłOśNOść POWIADOMIEń,VOLUMEN DE LAS NOTIFICACIONES,ILMOITUSTEN ääNENVOIMAKKUUS,NOTIFICATIE VOLUME,VOLUME DE NOTIFICAÇÕES,ΌΓΚΟΣ ΤΩΝ ΚΟΙΝΟΠΟΙΉΣΕΩΝ,VOLUME ÉRTESÍTÉSEK,NOTIFICĂRI VOLUME,УВЕДОМЛЕНИЯ VOLUME,การแจ้งเตือน VOLUME,OZNÁMENÍ VOLUME,ПОВІДОМЛЕННЯ ТОМ
ALLOW DYNAMIC OPTIMIZATION,Text,,ALLOW DYNAMIC OPTIMIZATION,Разрешить динамическую оптимизацию,DYNAMISCHE OPTIMIERUNG ERLAUBEN,允许动态优化,允許動態優化,PERMETTRE L'OPTIMISATION DYNAMIQUE,PERMITIR OPTIMIZAÇÃO DINÂMICA,동적 OPTIIMIZATION을 허용,ダイナミックOPTIIMIZATIONを許可します,CONSENTIRE OPTIIMIZATION DINAMICA,DİNAMİK OPTİMİZASYON İZİN VER,السماح OPTIIMIZATION ديناميكية,TILLÅT DYNAMISK OPTIMERING,TILLAT DYNAMISK OPTIMALISERING,TILLAD DYNAMISK OPTIMERING,UMOŻLIW DYNAMICZNĄ OPTYMIZACJE,PERMITIR OPTIMIZACION DINAMICA,SALLI DYNAAMINEN OPTIMISOINTI,DYNAMISCHE OPTIES TOESTAAN,PERMITIR OTIMIZAÇÃO DINÂMICA,ΕΠΙΤΡΈΠΟΥΝ ΤΗ ΔΥΝΑΜΙΚΉ ΒΕΛΤΙΣΤΟΠΟΊΗΣΗ,LEHETŐVÉ TESZI A DINAMIKUS OPTIMALIZÁLÁS,PERMITE OPTIMIZAREA DINAMICĂ,ПОЗВОЛИ ДИНАМИЧНА ОПТИМИЗАЦИЯ,เปิดใช้งานการเพิ่มประสิทธิภาพแบบไดนามิก,UMOŽŇUJÍ DYNAMICKÉ OPTIMALIZACE,ВКЛЮЧИТИ ДИНАМІЧНИЙ КОНТРАСТ І ПІДСИЛЕННЯ
APPLY CHANGES,Text,,APPLY CHANGES,ПРИМЕНИТЬ ИЗМЕНЕНИЯ,ÄNDERUNGEN ÜBERNEHMEN,应用更改,應用更改,APPLIQUER LES MODIFICATIONS,APLICAR,변경 사항을 적용,変更を適用します,APPLICA I CAMBIAMENTI,DEĞIŞIKLIKLERI UYGULA,نفذ التغييرات,VERKSTäLL äNDRINGAR,AKSEPTER ENDRINGER,ANVEND ÆNDRINGER,ZATWIERDŹ ZMIANY,APLICAR CAMBIOS,KÄYTÄ,VERANDERINGEN TOEPASSEN,APLICAR MUDANÇAS,ΕΦΑΡΜΟΓΉ ΤΩΝ ΑΛΛΑΓΏΝ,VÁLTOZTATÁSOK VÉGREHAJTÁSA,PUNEREA ÎN APLICARE A MODIFICĂRILOR,ПРИЛАГАНЕ НА ПРОМЕНИ,ดำเนินการเปลี่ยนแปลง,IMPLEMENTOVAT ZMĚNY,ВНОСИТИ ЗМІНИ
CANCEL CHANGES,Text,,CANCEL CHANGES,ОТМЕНИТЬ ИЗМЕНЕНИЯ,ÄNDERUNGEN VERWERFEN,取消更改,取消更改,ANNULER LES MODIFICATIONS,CANCELAR,변경 사항을 취소,変更をキャンセル,ANNULLARE LE MODIFICHE,DEĞIŞIKLIKLERI IPTAL ET,إلغاء التغييرات,AVBRYTA ÄNDRINGARNA,AVBRYTE ENDRINGER,ANNULER ÆNDRINGER,ANULUJ ZMIANY,CANCELAR CAMBIOS,PERUUTA MUUTOKSET,VERANDERINGEN ANNULEREN,CANCELAR ALTERAÇÕES,ΑΚΥΡΏΣΕΤΕ ΤΙΣ ΑΛΛΑΓΈΣ,VÁLTOZTATÁSOK ELVETÉSE,ANULAțI MODIFICĂRILE,ОТКАЗВАНЕ НА ПРОМЕНИ,ยกเลิกการเปลี่ยนแปลง,ZRUŠENÍ ZMĚN,СКАСУВАТИ ЗМІНИ
PRESET,Text,,PRESET,ПРЕДУСТАНОВКИ,VOREINSTELLUNG,预设,預設,PRÉDÉFINI,PRÉ-DEFINIÇÃO,사전,プリセット,PRESET,ÖNCEKİ AYAR,مسبقا,FÖRINSTÄLLNING,FORHÅNDSINNSTILT,FORUDINDSTILLET,USTAWIENIE,PROGRAMAR,ESIASETUS,STANDAARD,PREDEFINIÇÃO,ΠΡΟΚΑΘΟΡΙΣΜΈΝΟ,ALAPÉRTELMEZETT,LIPSĂ,ПОДРАЗБИРАНЕ,ผิดนัด,STANDARDNÍ,ДЕФОЛТ
LOW,Text,,LOW,Низкое качество,NIEDRIG,低,低,BAS,BAIXO,낮은,低,BASSO,DÜŞÜK,منخفض,LÅG,LAV,LAV,NISKIE,BAJO,MATALA,LAAG,BAIXO,ΧΑΜΗΛΌΣ,ALACSONY,LOW,LOW,ต่ำ,LOW,LOW
MEDIUM,Text,,MEDIUM,СРЕДНИЙ,MITTEL,平均,中等,MOYEN,MÉDIA,평균,平均,MEDIA,ORTA,متوسط,MEDIUM,MEDIUM,GENNEMSNIT,ŚREDNIE,MEDIO,KESKITASO,GEMIDDELD,MÉDIO,ΜΈΣΟΝ,KÖZEPES,MEDIU,СРЕДА,กลาง,STŘEDNÍ,СЕРЕДА
HIGH,Text,,HIGH,Высокое качество,HOCH,高,高,ÉLÉVÉ,ALTO,높은,高,ALTO,YÜKSEK,عالي,HÖG,HØY,HØJ,WYSOKIE,ALTO,KORKEA,HOOG,ALTO,ΨΗΛΆ,MAGAS,MARE,ВИСОКО,สูง,VYSOKÝ,ВИСОКА
WINDOW,Text,,WINDOW,Оконный,FENSTER,窗口,窗口,MODE FENÊTRÉ,JANELA,창문,ウィンドウ,FINESTRA,PENCERE,نافذة,FÖNSTER,VINDU,VINDUE TILSTAND,TRYB OKNA,MODO VENTANA,IKKUNA,RAAM,JANELA,ΠΑΡΆΘΥΡΟ,ABLAK,FEREASTRĂ,ПРОЗОРЕЦ,หน้าต่าง,OKNO,ВІКНО
FULLSCREEN,Text,,FULLSCREEN,ПОЛНОЭКРАННЫЙ РЕЖИМ,VOLLBILD,全屏,全屏,PLEIN ÉCRAN,TELA CHEIA,전체 화면,全画面表示,A SCHERMO INTERO,TAM EKRAN,تكبير الشاشة,FULLSKÄRM,FULL SKJERM,FULDSKÆRM,PEŁNY EKRAN,MODO PANTALLA COMPLETA,KOKO NÄYTTÖ,VOLLEDIG SCHERM,TELA CHEIA,ΠΛΗΡΗΣ ΟΘΟΝΗ,FULL SCREEN,ECRAN FULL,FULL SCREEN,เต็มหน้าจอ,FULL SCREEN,FULL SCREEN
VSYNC OFF,Text,,VSYNC OFF,VSYNC ВЫКЛ,VSYNC AUS,垂直同步关闭,垂直同步關閉,SYNCHRONISATION VERTICALE DÉSACTIVÉ,SINC-V. DESLIGADO,VSYNC 오프,VSYNCオフ,VSYNC OFF,DİKEY SENKRONİZASYON KAPALI,VSYNC قبالة,VSYNC AV,VSYNC AV,VSYNC SLÅET FRA,VSYNC WYłąCZONY,VSYNC APAGADO,VSYNC POIS,VSYNC UIT,VSYNC DESLIGADO,VSYNC OFF,VSYNC OFF,VSYNC OFF,VSYNC OFF,VSYNC ปิด,VSYNC OFF,VSYNC ВИМКНЕНИЙ
VSYNC ON,Text,,VSYNC ON,VSYNC ВКЛЮЧЁН,VSYNC AN,垂直同步开启,垂直同步開啟,SYNCHRONISATION VERTICALE ACTIVéE,SINC-V. LIGADO,에 수직 동기화,VSYNCオン,VSYNC ATTIVO,VSYNC AÇIK,VSYNC على,VSYNC PÅ,VSYNC PÅ,VSYNC SLÅET TIL,VSYNC WłąCZONY,VSYNC PRENDIDO,VSYNC ON,VSYNC AAN,VSYNC LIGADO,VSYNC ΓΙΑ,VSYNC SZÁMÁRA,VSYNC PENTRU,VYSNC ON,VSYNC สำหรับ,VSYNC PRO,VSYNC ДЛЯ
ANTIALIASING OFF,Text,,ANTIALIASING OFF,Сглаживание Отключено,KANTENGLÄTTUNG AUSSCHALTEN,抗锯齿关闭,抗鋸齒關閉,ANTICRÉNELAGE DÉSACTIVÉ,ANTIALIASING DESLIGADO,오프 앤티 앨리어싱,アンチエイリシング　オフ,ANTIALIAS OFF,ANTIALIASING KAPALI,الحواف خارج,KANTUTJÄMNING AV,ANTIALIASING OFF,ANTI-ALIASING SLÅET FRA,ANTIALIASING WYŁĄCZONY,ANTIALIASING APAGADO,REUNANPEHMENNYS POIS,ANTI-ALIASING UITGESCHAKELD,ANTIALIASING DESLIGADO,ANTIALIASING OFF,ÉLSIMÍTÁS KIKAPCSOLÁSA,ANTIALIASING OFF,ЗАГЛАЖДАНЕ НА РАЗСТОЯНИЕ,การลดรอยหยักปิด,ANTIALIASING OFF,АНТИАЛИАСИНГ ВИМКНЕНИЙ
ANTIALIASING (FXAA),Text,,ANTIALIASING (FXAA),СГЛАЖИВАНИЕ (FXAA),KANTENGLÄTTUNG (FXAA),抗锯齿（低）,抗鋸齒（FXAA）,ANTICRÉNELAGE (FXAA),ANTIALIASING (FXAA),안티 앨리어싱 (FXAA),アンチエイリアシング（FXAA）,ANTIALIASING (FXAA),KESKİNLİĞİ YUMUŞATMA(FXAA),الحواف (FXAA),KANTUTJÄMNING (FXAA),ANTIALIASING (FXAA),ANTI-ALIASING (FXAA),ANTYALIASING (FXAA),ANTIALIASING (FXAA),ANTIALIASING (FXAA),ANTIALIASING (FXAA),ANTIALIASING (FXAA),ANTIALIASING (FXAA),ÉLSIMÍTÁS (FXAA),ANTIALIASING (FXAA),ЗАГЛАЖДАНЕ (FXAA),ลดรอยหยัก (FXAA),ANTIALIASING (FXAA),ЗГЛАДЖУВАННЯ (FXAA)
ANTIALIASING (SMAA),Text,,ANTIALIASING (SMAA),Сглаживание (SMAA),KANTENGLäTTUNG (SMAA),抗锯齿（高）,抗鋸齒（SMAA）,ANTICRÉNELAGE (SMAA),ANTIALIASING (SMAA),안티 앨리어싱 (작은),アンチエイリアシング（SMAA）,ANTIALIASING (SMAA),KESKİNLİĞİ YUMUŞATMA(SMAA),الحواف (صغير),KANTUTJÄMNING (SMAA),ANTIALIASING (SMAA),ANTI-ALIASING (SMAA),ANTYALIASING (SMAA),ANTIALIASING (SMAA),ANTIALIASING (PIENI),ANTIALIASING (SMAA),ANTIALIASING (SMAA),ANTIALIASING (SMAA),ÉLSIMÍTÁS (SMAA),ANTIALIASING (SMAA),ЗАГЛАЖДАНЕ (SMAA),ลดรอยหยัก (SMAA),ANTIALIASING (SMAA),ЗГЛАДЖУВАННЯ (SMAA)
DYNAMIC REFLECTIONS OFF,Text,,DYNAMIC REFLECTIONS OFF,ДИНАМИЧЕСКИЕ ОТРАЖЕНИЯ ОТКЛ,DYNAMISCHE REFLEKTIONEN AUS,动态反射关闭,動態反射關閉,RéFLEXIONS DYNAMIQUES DéSACTIVéES,REFLEXOS DINÂMICOS DESLIGADO,오프 동적 반사,動的反射オフ,RIFLESSI DINAMICI OFF,DINAMIK YANSIMALAR KAPALI,تأملات ديناميكية قبالة,DYNAMISKA REFLEKTIONER AV,DYNAMISKE REFLEKSJONER AV,DYNAMISK REFLEKTIONER SLÅET FRA,DYNAMICZNE ODBICIA WYłąCZONE,REFLEJOS DINAMICOS APAGADO,DYNAAMISET HEIJASTUKSET POIS,DYNAMISCHE REFLECTIES UIT,REFLEXOS DINÂMICOS DESLIGADO,ΔΥΝΑΜΙΚΈΣ ΑΝΑΚΛΆΣΕΙΣ,DINAMIKUS TÜKRÖZŐDÉS BE,ANAKLASEIS DINAMICE,DYNAMIC ANAKLASEIS,ANAKLASEIS DYNAMIC,DYNAMIC ANAKLASEIS,ДИНАМІЧНІ ANAKLASEIS
DYNAMIC REFLECTIONS ON,Text,,DYNAMIC REFLECTIONS ON,Динамические отражения ВКЛ,DYNAMISCHE REFLEKTIONEN AN,动态反射开启,動態反射開啟,RéFLEXIONS DYNAMIQUES ACTIVéES,REFLEXOS DINÂMICOS LIGADO,동적 반사,動的反射オン,RIFLESSIONI DINAMICHE ON,DINAMIK YANSIMALAR AÇIK,تأملات الحيوية على,DYNAMISKA REFLEKTIONER PÅ,DYNAMISKE REFLEKSJONER,DYNAMISK REFLEKTIONER SLÅET TIL,DYNAMICZNE ODBICIA WłąCZONE,REFLEJOS DINAMICOS PRENDIDO,DYNAAMISET HEIJASTUKSET PÄÄLLE,DYNAMISCHE REFLECTIES AAN,REFLEXOS DINÂMICOS LIGADO,ΔΥΝΑΜΙΚΉ ΣΚΈΨΕΙΣ ΓΙΑ,DINAMIKUS TÖPRENGETT,CHIBZUIND DINAMIC,ДИНАМИЧЕН РАЗМИШЛЕНИЕ,ขบคิดแบบไดนามิก,DYNAMICKÁ PONDERING,ДИНАМІЧНА ОБДУМУВАННЯ
MOTION BLUR OFF,Text,,MOTION BLUR OFF,РАЗМЫТИЕ ДВИЖЕНИЯ ОТКЛ,BEWEGUNGSUNSCHÄRFE AUS,动态模糊关闭,動態模糊關閉,FLOU DYNAMIQUE DÉSACTIVÉ,DESFOQUE DE MOVIMENTO DESLIGADO,에서 흐림,モーションブラーオフ,SFOCATURA DISATTIVATA,MOTION BLUR KAPALI,طمس من,RÖRELSEOSKÄRPA AV,MOTION BLUR AV,MOTION BLUR SLÅET FRA,ROZYMCIE EKRANU WYłąCZONE,DESENFOQUE DE MOVIMIENTO APAGADO,HÄMÄRTÄÄ ALKAEN,BEWEGINGS BLUR UIT,EFEITO DESFOCADO DESLIGADO,MOTION BLUR OFF,MOTION BLUR OFF,NECLARITATE ÎN MIșCARE OFF,MOTION BLUR РАЗСТОЯНИЕ,การเคลื่อนไหวเบลอปิด,MOTION BLUR OFF,РОЗМИТІСТЬ ВИКЛ
MOTION BLUR LOW,Text,,MOTION BLUR LOW,РАЗМЫТИЕ ДВИЖЕНИЯ НИЗКО,BEWEGUNGSUNSCHÄRFE NIEDRIG,动态模糊 低,動態模糊低,FLOU DYNAMIQUE BAS,DESFOQUE DE MOVIMENTO BAIXO,모션 블러 낮음,モーションブラー低,MOTION BLUR BASSO,HAREKET BULANIKLIĞI DÜŞÜK,منخفض الضبابية,RÖRELSEOSKÄRPA LÅG,BEVEGELSESUSKARPHET LAV,MOTION BLUR LAV,ROZMYCIE EKRANU NISKIE,DESENFOQUE DE MOVIMIENTO BAJO,LIIKKEESSÄ HÄMÄRTÄÄ ALHAINEN,BEWEGINGS BLUR LAAG,EFEITO DESFOCADO BAIXO,MOTION BLUR ΧΑΜΗΛΉ,MOTION BLUR ALACSONY,NECLARITATE ÎN MIșCARE REDUSĂ,MOTION BLUR НИСКА,การเคลื่อนไหวเบลอต่ำ,MOTION BLUR NÍZKÁ,РОЗМИТІСТЬ ЗОБРАЖЕННЯ З НИЗЬКИМ
MOTION BLUR HIGH,Text,,MOTION BLUR HIGH,РАЗМЫТИЕ ДВИЖЕНИЯ ВЫСОКОЕ,BEWEGUNGSUNSCHÄRFE HOCH,动态模糊 高,動態模糊高,FLOU DYNAMIQUE ÉLEVÉ,DESFOQUE DE MOVIMENTO ALTO,모션 블러 높은에게,モーションブラー高,MOTION BLUR ALTO,HAREKET BULANIKLIĞI YÜKSEK,الضبابية عالية,RÖRELSEOSKÄRPA HÖG,BEVEGELSESUSKARPHET HØY,MOTION BLUR HØJ,ROZMYCIE EKRANU WYSKOIE,DESENFOQUE DE MOVIENTO ALTO,LIIKKEESSÄ HÄMÄRTÄÄ KORKEA,BEWEGINGS BLUR HOOG,EFEITO DESFOCADO ALTO,ΘΑΜΠΆΔΑ ΚΙΝΉΣΕΩΝ ΥΨΗΛΉΣ,MOTION BLUR HIGH,MOTION BLUR HIGH,РАЗМАЗВАНЕ ПРИ ДВИЖЕНИЕ HIGH,การเคลื่อนไหวเบลอ HIGH,MOTION BLUR HIGH,РОЗМИТІСТЬ ВИСОКИЙ
SHADOWS OFF,Text,,SHADOWS OFF,Тени Отключены,SCHATTEN AUS,关闭阴影,陰影關閉,OMBRES DéSACTIVéES,SOMBRAS DESLIGADA,오프 그림자,影オフ,OMBRE OFF,GÖLGELER KAPALI,الظلال قبالة,SKUGGOR AV,SKYGGER OFF,SKYGGER SLÅET FRA,CIENIE WYłąCZONE,SOMBRAS APAGADO,VARJOT POIS,SCHADUWEN UIT,SOMBRAS DESLIGADO,ΣΚΙΈΣ OFF,ÁRNYÉKOK KIKAPCSOLVA,UMBRE OFF,ХВЪРЛЯ СЯНКА НА РАЗСТОЯНИЕ,เงาปิด,STÍNY OFF,ТІНІ ВІД
SHADOWS LOW,Text,,SHADOWS LOW,Тени Низкие,SCHATTEN NIEDRIG,低阴影效果,陰影低,OMBRES BASSES,SOMBRAS BAIXO,그림자 낮은,低影,OMBRE BASSO,GÖLGELER DÜŞÜK,انخفاض الظلال,SKUGGOR LÅG,SKYGGER LAV,SKYGGER LAV,CIENIE NISKIE,SOMBRAS BAJO,VARJOT ALHAINEN,SCHADUWEN LAAG,SOMBRAS BAIXO,ΣΚΙΈΣ ΧΑΜΗΛΉ,ÁRNYÉKOK ALACSONYAN,UMBRE SCĂZUTĂ,SHADOWS НИСКА,ต่ำ SHADOWS,SHADOWS NÍZKÁ,ТІНІ НИЗЬКИЙ
SHADOWS HIGH,Text,,SHADOWS HIGH,Тени Высокие,SCHATTEN HOCH,高阴影效果,陰影高,OMBRES HAUTES,SOMBRAS ALTA,그림자 높은,高い影,OMBRE ALTO,GÖLGELER YÜKSEK,ارتفاع الظلال,SKUGGOR HÖG,SKYGGER HØY,SKYGGER HØJ,CIENIE WYSOKIE,SOMBRAS ALTA,VARJOT KORKEA,SCHADUWEN HOOG,SOMBRAS ALTA,ΣΚΙΈΣ ΥΨΗΛΉΣ,ÁRNYÉKOK MAGASAN,SHADOWS HIGH,SHADOWS HIGH,SHADOWS HIGH,SHADOWS HIGH,ТІНІ ВИСОКИЙ
BLOOM OFF,Text,,BLOOM OFF,Блум Выключен,BLOOM AUS,光影效果关闭,光暈關閉,BLOOM OFF,BLOOM DESLIGADO,오프 꽃,ブルーム　オフ,FIORIRE OFF,IŞILDAMA KAPALI,تزدهر قبالة,LJUSSKEN AV,BLOOM AV,BLOOM SLÅET FRA,BLOOM WłąCZONY,REFLEJO DE LUZ APAGADO,KUKKIVAT POIS,BLOOM UIT,BRILHO DE LUZES DESLIGADO,ΑΝΘΊΖΟΥΝ OFF,VIRÁGZIK KI,BLOOM OFF,ЦЪФТЯТ РАЗСТОЯНИЕ,บานออก,KVETOU OFF,РОЗКВІТАЮТЬ ВІД
BLOOM ON,Text,,BLOOM ON,Блум Включен,BLOOM AN,光影效果开启,光暈開啟,BLOOM ON,BLOOM LIGADO,에 꽃,ブルーム　オン,FIORIRE SU,IŞILDAMA AÇIK,تزدهر على,LJUSSKEN PÅ,BLOMSTRER PÅ,BLOOM SLÅET TIL,BLOOM WYłąCZONY,REFLEJO DE LUZ PRENDIDO,KUKKIVAT PÄÄLLÄ,BLOOM AAN,BRILHO DE LUZES LIGADO,ΑΝΘΊΖΟΥΝ ΣΤΙΣ,VIRÁGZÁS,BLOOM ON,РАЗЦВЕТ ON,บาน,KVĚT ON,ЦВІТІННЯ ON
FILM GRAIN OFF,Text,,FILM GRAIN OFF,ЗЕРНИСТОСТЬ ВЫКЛ.,FILMKÖRNUNG AUS,胶片颗粒关闭,膠片顆粒關閉,GRAIN DE FILM ACTIVé,EFEITO DE FILME DESLIGADO,필름 그레인 오프,フィルムグレインオフ,GRANA DELLA PELLICOLA OFF,FİLM GRENİ KAPALI,فيلم الحبوب قبالة,FILMKORNIGHET AV,FILM KORN OFF,FILM TILSTAND SLÅET FRA,ZIARNO WYŁĄCZONY,FILM GRAIN APAGADO,RAKEISUUS POIS,FILM GRAIN UIT,EFEITO DE FILME DESLIGADO,ΦΙΛΜ ΣΙΤΗΡΏΝ OFF,GABONA FILM OFF,GRANULAțIE FILM OFF,ЗЪРНО ФИЛМ НА РАЗСТОЯНИЕ,เนื้อฟิล์มปิด,ZRNO FILMU OFF,ЗЕРНИСТОСТІ ПЛІВКИ ВІД
FILM GRAIN ON,Text,,FILM GRAIN ON,ЗЕРНИСТОСТЬ ВКЛ,FILMKÖRNUNG AN,胶片颗粒开启,膠片顆粒上,GRAIN DE FILM DéSACTIVé,EFEITO DE FILME LIGADO,필름 그레인에,フィルムグレイン　オン,GRANA DELLA PELLICOLA SU,FİLM GRENİ AÇIK,فيلم الحبوب على,FILMKORNIGHET PÅ,FILM KORN PÅ,FILM TILSTAND SLÅET TIL,ZIARNO NA,FILM GRAIN PRENDIDO,RAKEISUUS PÄÄLLE,FILM GRAIN AAN,EFEITO DE FILME LIGADO,ΣΕ ΚΌΚΚΟΥΣ ΤΑΙΝΊΑ,GRAIN FILM,FILM CEREALE,ЗЪРНО ФИЛМ,ภาพยนตร์ GRAIN,GRAIN FILM,ЗЕРНО ФІЛЬМ
VIGNETTE OFF,Text,,VIGNETTE OFF,ВИНЬЕТКА ВЫКЛЮЧЕН,VIGNETTE AUS,渐晕关闭,暈影關閉,VIGNETTE DéSACTIVéE,VINHETA DESLIGADA,림 오프,ビネットオフ,VIGNETTA OFF,SKEÇ KAPALI,المقالة القصيرة قبالة,VINJETT AV,VIGNETT OFF,VIGNETTE SLÅET FRA,WINIETA WYłąCZONA,VIÑETA APAGADO,VINJETTI POIS,VIGNETTE UIT,EFEITO DE VINHETA DESLIGADO,ΒΙΝΙΈΤΑ OFF,MATRICA OFF,VINIETĂ OFF,ВИНЕТКА РАЗСТОЯНИЕ,บทความออก,VINĚTA OFF,ВІНЬЄТКА ВІД
VIGNETTE ON,Text,,VIGNETTE ON,Виньетка Включена,VIGNETTE AN,渐晕开启,暈影開啟,VIGNETTE ACTIVÉ,VINHETA LIGADA,림에,ビネットオン,VIGNETTE SU,SKEÇ ÜZERINDE,المقالة القصيرة على,VINJETT PÅ,VIGNETT PÅ,VIGNETTE SLÅET TIL,WINIETA WłąCZONA,CON VIÑETA,VINJETTI PÄÄLLÄ,VIGNETTE AAN,EFEITO DE VINHETA LIGADO,ΓΙΑ ΒΙΝΙΈΤΑ,A MATRICA,PENTRU VINIETĂ,ЗА ВИНЕТКА,สำหรับบทความ,PRO VINĚTA,ДЛЯ ВІНЬЄТКА
TEXTURE RESOLUTION 1/8,Text,,TEXTURE RESOLUTION 1/8,Разрешение Текстур 1/8,TEXTURAUFLÖSUNG 1/8,纹理分辨率1/8,材質解析度 1/8,RÉSOLUTION DE TEXTURE 1/8,RESOLUÇÃO DA TEXTURA 1/8,텍스처 해상도 1/8,テクスチャの解像度1/8,LA RISOLUZIONE DELLE TEXTURE 1/8,DOKU ÇÖZÜNÜRLÜĞÜ 1/8,قرار الملمس 1/8,TEXTURUPPLÖSNING 1/8,TEKSTUR OPPLØSNING 1/8,TEKSTUR OPLØSNING 1/8,ROZDZIELCZOŚĆ TEKSTUR 1/8,RESOLUCION DE TEXTURAS 1/8,TEKSTUURIEN RESOLUUTIO 1/8,TEXTUUR RESOLUTIE 1/8,RESOLUÇÃO DA TEXTURA 1/8,ΨΉΦΙΣΜΑ ΥΦΉ 1/8,FELBONTÁSÚ TEXTÚRA 1/8,REZOLUțIA TEXTURII 1/8,РЕЗОЛЮЦИЯ ТЕКСТУРА 1/8,เนื้อสัมผัสความละเอียด 1/8,ROZLIŠENÍ TEXTURY 1/8,ДОЗВІЛ ТЕКСТУРИ 1/8
TEXTURE RESOLUTION 1/4,Text,,TEXTURE RESOLUTION 1/4,Разрешение Текстур 1/4,TEXTURAUFLÖSUNG 1/4,纹理分辨率1/4,材質解析度 1/4,RÉSOLUTION DE TEXTURE 1/4,RESOLUÇÃO DA TEXTURA 1/4,텍스처 해상도 1/4,テクスチャの解像度1/4,LA RISOLUZIONE DELLE TEXTURE 1/4,DOKU ÇÖZÜNÜRLÜĞÜ 1/4,قرار الملمس 1/4,TEXTURUPPLÖSNING 1/4,TEKSTUR OPPLØSNING 1/4,TEKSTUR OPLØSNING 1/4,ROZDZIELCZOŚĆ TEKSTUR 1/4,RESOLUCION DE TEXTURAS 1/4,TEKSTUURIEN RESOLUUTIO 1/4,TEXTUUR RESOLUTIE 1/4,RESOLUÇÃO DA TEXTURA 1/4,ΨΉΦΙΣΜΑ ΥΦΉ 1/4,FELBONTÁSÚ TEXTÚRA 1/4,REZOLUțIA TEXTURII 1/4,РЕЗОЛЮЦИЯ ТЕКСТУРА 1/4,เนื้อสัมผัสความละเอียด 1/4,ROZLIŠENÍ TEXTURY 1/4,ДОЗВІЛ ТЕКСТУРИ 1/4
TEXTURE RESOLUTION 1/2,Text,,TEXTURE RESOLUTION 1/2,Разрешение Текстур 1/2,TEXTURAUFLÖSUNG 1/2,纹理分辨率1/2,材質解析度 1/2,RÉSOLUTION DE TEXTURE 1/2,RESOLUÇÃO DA TEXTURA 1/2,텍스처 해상도 1/2,テクスチャの解像度1/2,LA RISOLUZIONE DELLE TEXTURE 1/2,DOKU ÇÖZÜNÜRLÜĞÜ 1/2,قرار الملمس 1/2,TEXTURUPPLÖSNING 1/2,TEKSTUR OPPLØSNING 1/2,TEKSTUR OPLØSNING 1/2,ROZDZIELCZOŚĆ TEKSTUR 1/2,RESOLUCION DE TEXTURAS 1/2,TEKSTUURIEN RESOLUUTIO 1/2,TEXTUUR RESOLUTIE 1/2,RESOLUÇÃO DA TEXTURA 1/2,ΨΉΦΙΣΜΑ ΥΦΉ 1/2,FELBONTÁSÚ TEXTÚRA 1/2,REZOLUțIA TEXTURII 1/2,РЕЗОЛЮЦИЯ ТЕКСТУРА 1/2,เนื้อสัมผัสความละเอียด 1/2,ROZLIŠENÍ TEXTURY 1/2,ДОЗВІЛ ТЕКСТУРИ 1/2
TEXTURE RESOLUTION FULL,Text,,TEXTURE RESOLUTION FULL,ПОЛНОЕ РАЗРЕШЕНИЕ ТЕКСТУР,TEXTURAUFLÖSUNG VOLL,纹理分辨率最高,完整材質解析度,RÉSOLUTION DE TEXTURE COMPLÈTE,RESOLUÇÃO DA TEXTURA COMPLETA,전체 텍스처 해상도,フルテクスチャ解像度,LA RISOLUZIONE DELLE TEXTURE PIENO,TAM DOKU ÇÖZÜNÜRLÜĞÜ,قرار نسيج كامل,TEXTURUPPLÖSNING FULLT,TEKSTUR OPPLØSNING FULLE,TEKSTUR OPLØSNING FULD,ROZDZIELCZOŚĆ TEKSTUR PEŁNA,RESOLUCION DE TEXTURAS COMPLETO,TEKSTUURIEN RESOLUUTIO TÄYSI,TEXTUUR RESOLUTIE VOL,RESOLUÇÃO DE TEXTURA MÁXIMA,ΨΉΦΙΣΜΑ ΥΦΉ ΠΛΉΡΗ,TEXTÚRA FELBONTÁS TELJES,REZOLUțIE TEXTURA COMPLETĂ,ТЕКСТУРА РЕЗОЛЮЦИЯ ПЪЛЕН,ความละเอียดของเนื้อเต็ม,ROZLIŠENÍ TEXTURY FULL,ДОЗВІЛ ТЕКСТУР ПОВНИЙ
LEVEL COMPLETE,Text,,LEVEL COMPLETE,УРОВЕНЬ ПРОЙДЕН,LEVEL ABGESCHLOSSEN,关卡完成,完成關卡,NIVEAU TERMINÉ,NÍVEL COMPLETO,완전한 수준,レベル完了,LIVELLO COMPLETATO,BÖLÜM TAMAMLANDI,مستوى كامل,NIVÅ AVKLARAD,NIVÅ FULLFØRT,NIVEAU GENNEMFØRT,POZIOM UKOńCZONY,NIVEL COMPLETADO,TASO LÄPÄISTY,LEVEL VOLTOOID,NÍVEL COMPLETO,ΕΠΊΠΕΔΟ ΠΛΉΡΟΥΣ,SZINT TELJESÍTVE,NIVELUL FULL,FULL НИВО,ระดับ FULL,FULL ÚROVEŇ,ПОВНИЙ РІВЕНЬ
YOU HAVE DIED,Text,,YOU HAVE DIED,ВЫ УМЕРЛИ,DU BIST TOT,你死了,你已經死了,VOUS ÊTES MORT,VOCÊ MORREU,당신은 죽었다,あなたは死亡しました,SEI MORTO,ÖLDÜN,كنت قد مات,DU HAR DÖTT,DU ER DØD,DU DØDE,ZGINąłEś,HAS MUERTO,OLET KUOLLUT,JE BENT DOOD,VOCÊ MORREU,ΠΟΥ ΈΧΟΥΝ ΠΕΘΆΝΕΙ,MEGHALTÁL,CARE AU MURIT,КОИТО СА УМРЕЛИ,ที่มีผู้เสียชีวิต,KTEŘÍ ZEMŘELI,ХТО ПОМЕР
REPLAY LEVEL,Text,,REPLAY LEVEL,Повтор Уровня,LEVEL WIEDERHOLEN,重启关卡,重播關卡,REJOUER LE NIVEAU,REPETIR NÍVEL,재생 레벨,リプレイレベル,LIVELLO DI RIPRODUZIONE,TEKRAR OYNA,مستوى اعادتها,SPELA OM NIVÅ,START På NYTT,REPLAY NIVEAU,POWTóRZ POZIOM,REPETIR NIVEL,PELAA UUDELLEEN,LEVEL OPNIEUW SPELEN,RECOMEÇAR NÍVEL,ΕΠΊΠΕΔΟ REPLAY,VISSZAJÁTSZÁS SZINTET,NIVELUL DE RELUARE,НИВО ПРЕИГРАВАНЕ,ระดับการเล่นใหม่,ÚROVEŇ REPLAY,РІВЕНЬ ВІДТВОРЕННЯ
RETURN TO MENU,Text,,RETURN TO MENU,ВЕРНУТЬСЯ К МЕНЮ,ZURÜCK ZUM MENÜ,返回主界面,返回菜單,RETOURNER AU MENU,VOLTAR AO MENU,메뉴로 돌아가,メニューに戻ります,TORNARE AL MENU,MENÜYE DÖN,العودة إلى القائمة,Gå TILLBAKS TILL MENYN,TILBAKE TIL MENYEN,TILBAGE TIL MENU,POWRóć DO MENU,VOLVER AL MENU,PALAA VALIKKOON,TERUG NAAR HET MENU,VOLTAR AO MENU,ΕΠΙΣΤΡΈΨΕΤΕ ΣΤΟ ΜΕΝΟΎ,VISSZATÉRÉS A MENÜBE,A REVENI LA MENIUL,СЕ ВЪРНЕТЕ КЪМ МЕНЮТО,กลับไปที่เมนู,NÁVRAT DO MENU,ПОВЕРНУТИСЯ В МЕНЮ
QUIT TO MENU,Text,,QUIT TO MENU,Выйти в Меню,ZURÜCK ZUM MENÜ,返回到菜单,退出菜單,QUITTER JUSQU'AU MENU,SAIR PARA O MENU,메뉴에 종료,メニューに終了します,USCIRE AL MENU,MENÜYE ÇIK,الإقلاع عن التدخين إلى القائمة,AVSLUTA TILL MENYN,AVSLUTT TIL MENY,AFSLUT TIL MENU,WYJDź DO MENU,SALIR AL MENU,POISTU VALIKKOON,TERUG NAAR MENU,SAIR PARA O MENU,ΣΤΑΜΑΤΉΣΟΥΝ ΣΤΟ ΜΕΝΟΎ,KILÉPÉS A MENÜBE,RENUNțE LA MENIU,ОТКАЖАТ ДА МЕНЮ,เลิกไปที่เมนู,SKONČIT NA MENU,ВИЙТИ В МЕНЮ
RESTART LEVEL,Text,,RESTART LEVEL,Начать уровень заново,LEVEL NEUSTARTEN,重启关卡,重啟關卡,RECOMMENCER LE NIVEAU,REINICIAR NÍVEL,다시 시작 레벨,レベルを最初からやり直し,RIAVIA IL LIVELLO,BÖLÜMÜ YENİDEN BAŞLAT,مستوى إعادة التشغيل,STARTA OM NIVÅN,RESTART NIVÅ,GENSTART NIVEAU,ROZPOCZNIJ POZIOM OD NOWA,REINICIAR NIVEL,ALOITA UUDELLEEN,LEVEL OPNIEUW BEGINNEN,RECOMEÇAR NÍVEL,ΕΠΑΝΕΚΚΊΝΗΣΗ ΕΠΊΠΕΔΟ,SZINT ÚJRAKEZDÉSE,NIVELUL REPORNIRE,РЕСТАРТИРАНЕ НИВО,ระดับเริ่มต้นใหม่,RESTART LEVEL,РЕСТАРТ РІВНЯ
RESUME,Text,,RESUME,ПРОДОЛЖИТЬ,FORTSETZEN,恢复,恢復,REPRENDRE,VOLTAR AO JOGO,이력서,ゲームに戻る,RIPRENDI,DEVAM ET,استئنف,FORTSÄTT,GJENOPPTA,GENOPTAG,WZNóW,CONTINUAR,JATKA,GA DOOR,CONTINUAR,ΠΕΡΊΛΗΨΗ,FOLYTATÁS,REZUMAT,ОБОБЩЕНИЕ,ย่อ,SHRNUTÍ,РЕЗЮМЕ
INPUT OPTIONS,Text,,INPUT OPTIONS,Настройки Управления,EINGABEOPTIONEN,输入选项,輸入選項,OPTIONS DE TOUCHES,OPÇÕES DE ENTRADA,입력 옵션,入力オプション,OPZIONI DI INPUT,GIRIŞ SEÇENEKLERI,خيارات الإدخال,INMATNINGSALTERNATIV,KONTROLLER ALTERNATIVER,INPUT INDSTILLINGER,OPCJE WEJŚCIOWE,CAMBIAR CONTROLES,OHJAIMET,INVOERMOGELIJKHEDEN,OPÇÕES DE CONTROLE,ΕΠΙΛΟΓΈΣ ΕΙΣΌΔΟΥ,OPTIONS BEJEGYZÉST,INTRARE OPTIUNI,ВЛИЗАНЕ ВАРИАНТИ,รายการตัวเลือก,POLOŽKA OPTIONS,ЗАПИС ВАРІАНТИ
CUSTOM,Text,,CUSTOM,ПОЛЬЗОВАТЕЛЬСКИЙ,BENUTZERDEFINIERT,自定义,自訂,PERSONNALISATION,PERSONALIZADAS,관습,カスタム,PERSONALIZZATO,ÖZEL,عرف,MANUELL INSTÄLLNING,EGENDEFINERT,BRUGERDEFINERET,WŁASNE,PERSONALIZADO,KUSTOMISOITU,AANGEPAST,PERSONALIZADAS,ΈΘΙΜΟ,SAJÁT,OBICEI,ОБИЧАЙ,ประเพณี,ZVYK,ВИГОТОВЛЕНИЙ НА ЗАМОВЛЕННЯ