Key,Type,Desc,English,Russian,German,Chinese (Simplified),Chinese (Traditional),French,Portuguese (Brazil),Korean,Japanese,Italian,Turkish,Arabic,Swedish,Norwegian,Danish,Polish,Spanish,Finnish,Dutch (Netherlands),Portuguese,Greek,Hungarian,Romanian,Bulgariaa,Thai,Czech,Ukrainian
OPTIONS,Text,,OPTIONS,НАСТРОЙКИ,OPTIONEN,选项,選項,OPTIONS,OPÇÕES,옵션,オプション,OPZIONI,SEçENEKLER,خيارات,ALTERNATIV,ALTERNATIVER,MULIGHEDER,OPCJE,OPCIONES,ASETUKSET,OPTIES,OPÇÕES,[i2auto]ΕΠΙΛΟΓΈΣ,[i2auto]OPCIÓK,[i2auto]OPTIUNI,[i2auto]ВАРИАНТИ,[i2auto]ตัวเลือก,[i2auto]VOLBY,[i2auto]ВАРІАНТИ
CLOSE,Text,,CLOSE,ЗАКРЫТЬ,SCHLIEßEN,关闭,關閉,FERMER,FECHAR,닫기,閉じる,CHIUDERE,KAPAT,أغلق,STäNG,LUKKE,LUK,ZAMKNIJ,CERRAR,SULJE,SLUIT,FECHAR,[i2auto]ΚΟΝΤΆ,[i2auto]KÖZEL,[i2auto]ÎNCHIDE,[i2auto]БЛИЗО,[i2auto]ใกล้,[i2auto]ZAVŘÍT,[i2auto]БЛИЗЬКО
GRAPHICS OPTIONS,Text,,GRAPHICS OPTIONS,ГРАФИКА,GRAFIKOPTIONEN,图形选项,圖形選項,OPTIONS GRAPHIQUES,OPÇOES DE VIDEO,그래픽 옵션,グラフィックスオプション,OPZIONI GRAFICHE,GRAFIK SEÇENEKLERI,خيارات الرسومات,GRAFIK ALTERNATIV,GRAFIKK ALTERNATIVER,GRAFISKE MULIGHEDER,OPCJE GRAFICZNE,OPCIONES DE GRAFICOS,GRAFIIKKA-ASETUKSET,GRAFISCHE OPTIES,OPÇÕES DE GRÁFICOS,[i2auto]ΕΠΙΛΟΓΈΣ ΓΡΑΦΙΚΏΝ,[i2auto]OPTIONS GRAFIKA,[i2auto]OPțIUNI GRAFICE,[i2auto]ВАРИАНТИ ГРАФИКИ,[i2auto]กราฟิกตัวเลือก,[i2auto]GRAFICKÝCH KARET,[i2auto]ВАРІАНТИ ГРАФІКА
AUDIO OPTIONS,Text,,AUDIO OPTIONS,ЗВУК И МУЗЫКА,AUDIO-OPTIONEN,音频选项,音頻選項,OPTIONS AUDIO,OPÇÕES DE ÁUDIO,오디오 옵션,オーディオオプション,OPZIONI AUDIO,SES SEÇENEKLERI,خيارات الصوت,LJUDALTERNATIV,LYD ALTERNATIVER,LYDINDSTILLINGER,OPCJE DŹWIĘKU,OPCIONES DE AUDIO,ÄÄNIASETUKSET,AUDIO-OPTIES,OPÇÕES DE ÁUDIO,[i2auto]ΕΠΙΛΟΓΈΣ ΉΧΟΥ,[i2auto]OPTIONS HANG,[i2auto]OPțIUNILE DE SUNET,[i2auto]ЗВУКОВИ ОПЦИИ,[i2auto]ตัวเลือกเสียง,[i2auto]VOLBY ZVUK,[i2auto]ВАРІАНТИ ЗВУК
GAME & INPUT OPTIONS,Text,,GAME & INPUT OPTIONS,Настройки Игры,SPIEL UND EINGABEOPTIONEN,其他选项,其他選項,OPTIONS COMMANDES & JEU,OPÇÕES ADICIONAIS,추가 옵션,追加オプション,OPZIONI AGGIUNTIVE,EKSTRA SEÇENEKLER,خيارات اضافية,YTTERLIGARE ALTERNATIV,FLERE ALTERNATIVER,EKSTRA MULIGHEDER,DODATKOWE OPCJE,OPCIONES ADICIONALES,LISÄVAIHTOEHTOJA,EXTRA OPTIES,OPÇÕES DE JOGO,[i2auto]ΠΑΙΧΝΊΔΙ,[i2auto]JÁTÉK,[i2auto]JOC,[i2auto]ИГРА,[i2auto]เกม,[i2auto]HRA,[i2auto]ГРА
SHOW CONTROLS HELP,Text,,SHOW CONTROLS HELP,Показать Клавиши Управления,ZEIGE STEUERUNGS HILFE,节目管理会,節目管理會,AFFICHER LES AIDES DE CONTRôLE,MOSTRAR AJUDA DE CONTROLOS,쇼 관리 것,ショー管理意志,SPETTACOLO DI GESTIONE,KONTROLLER YARDıMıNı GöSTER,عرض الإدارة سوف,SHOW FÖRVALTNING KOMMER,UTSTILLINGS VIL,SHOW LEDELSE VIL,POKAż KLAWISZE,MOSTRAR CONTROLES,NÄYTÄ JOHTO,TOON CONTROLE HULP,MOSTRAR AJUDA DE CONTROLOS,[i2auto]ΈΛΕΓΧΟΙ ΔΕΊΧΝΟΥΝ ΒΟΗΘΉΣΕΙ,[i2auto]"ELLENŐRZÉSEK AZT MUTATJÁK, SEGÍTSÉG",[i2auto]CONTROALELE ARATĂ AJUTOR,[i2auto]КОНТРОЛИ ПОКАЗВАТ ПОМОЩ,[i2auto]ควบคุมการแสดงความช่วยเหลือ,[i2auto]OVLÁDÁNÍ SIGNALIZUJE POMOC,[i2auto]УПРАВЛІННЯ ПОКАЗУЮТЬ ДОПОМОГУ
INVERT LOOK Y AXIS,Text,,INVERT LOOK Y AXIS,ИНВЕРТИРОВАТЬ ОСЬ Y,Y-ACHSE INVERTIEREN,反转一览,縱向反轉,INVERSER L'AXE Y,INVERTER EIXO Y DO OLHAR,반전 한눈에,反転一目,SGUARDO INVERTITO,BAKışı TERS çEVIR,وهلة المقلوب,INVERTSOCKER ÖVERBLICK,INVERT BLIKK,INVERTSUKKER BLIK,ODWRóć Oś Y,VISTA INVERTIDA,INVERTTISOKERI SILMÄYKSELLÄ,OMDRAAIEN VAN DE Y AXIS,INVERTER EIXO Y DO OLHAR,[i2auto]ΆΞΟΝΑ ΜΑΤΙΆ Y ΙΜΒΕΡΤΟΠΟΙΗΜΈΝΟ,[i2auto]NÉZD Y TENGELY INVERT,[i2auto]UITE Y AXA INVERTIT,[i2auto]ПОГЛЕДНЕТЕ У ОС ИНВЕРТНА,[i2auto]มองกลับแกน Y,[i2auto]VYPADAT OSA Y INVERZE,[i2auto]ДИВІТЬСЯ ВІСЬ Y ИНВЕРТИРОВАТЬ
ALLOW GAMEPAD VIBRATION,Text,,ALLOW GAMEPAD VIBRATION,ВКЛ. ВИБРАЦИЮ,ERLAUBE GAMEPAD VIBRATION,让手柄的振动,讓手柄的振動,PERMETTRE LES VIBRATIONS DE LA MANETTE,VIBRAÇÃO DO CONTROLE ATIVA,게임 패드 진동을 허용,ゲームパッドの振動を許可,CONSENTIRE VIBRAZIONI GAMEPAD,GAMEPAD TITREşIMLERINE IZIN VER,السماح غمبد الاهتزاز,TILLÅT GAMEPAD VIBRATIONER,TILLATE GAMEPAD VIBRASJON,TILLADE GAMEPAD VIBRATIONER,POZWóL NA WIBRACJE KONTROLERA,PERMITIR VIBRACIóN DEL GAMEPAD,SALLI PELIOHJAIMEN TäRINä,GAMEPAD TRILLINGEN TOESTAAN,PERMITIR VIBRAÇÃO DO GAMEPAD,[i2auto]ΕΠΙΤΡΈΠΟΥΝ ΔΌΝΗΣΗ GAMEPAD,[i2auto]LEHETŐVÉ GAMEPAD VIBRÁCIÓS,[i2auto]PERMIT VIBRAțII GAMEPAD,[i2auto]ПОЗВОЛИ ГЕЙМПАД ВИБРАЦИИ,[i2auto]ช่วยให้การสั่นสะเทือน GAMEPAD,[i2auto]DOVOLIT GAMEPAD VIBRACÍ,[i2auto]ДОЗВОЛЯЮТЬ ГЕЙМПАД ВІБРАЦІЇ
ALWAYS SHOW CROSSHAIR,Text,,ALWAYS SHOW CROSSHAIR,ВСЕГДА ПОКАЗЫВАТЬ ПЕРЕКРЕСТИЕ,FADENKREUZ IMMER ZEIGEN,总是显示一个十字线,總是顯示一個十字線,TOUJOURS MONTRER LE RéTICULE,SEMPRE MOSTRAR UMA MIRA,항상 십자선을 표시,常に十字線を表示,MOSTRANO SEMPRE UN MIRINO,HER ZAMAN NIşAN GöSTERGESINI GöSTER,تظهر دائما التقاطع,ALLTID VISAR ETT HÅRKORS,ALLTID VISE ET TRÅDKORS,VISER ALTID EN TRÅDKORS,ZAWSZE POKAZUJ CELOWNIK,SIMPRE MOSTRAR UN PUNTO DE MIRA,AINA NÄYTTÄÄ RISTIKKO,ALTIJD MIKPUNT LATEN ZIEN,MOSTRAR SEMPRE MIRA,[i2auto]ΔΕΊΧΝΟΥΝ ΠΆΝΤΑ ΣΤΑΥΡΌΝΗΜΑ,[i2auto]MINDIG AZT MUTATJÁK CÉLKERESZTET,[i2auto]ARATĂ ÎNTOTDEAUNA CURSORUL,[i2auto]ВИНАГИ ПОКАЖЕ МЕРНИКА,[i2auto]เคยแสดงกากบาท,[i2auto]VŽDY ZOBRAZIT ZAMĚŘOVAČE,[i2auto]ЗАВЖДИ ПОКАЗУВАТИ ПЕРЕХРЕСТЯ
INPUT REMAPPING,Text,,INPUT REMAPPING,Перенастроить Клавиши,TASTENBELEGUNG ÄNDERN,输入重定向,輸入重定向,CONFIGURATION DES TOUCHES,CONFIGURAÇÕES DE ENTRADA,입력 리디렉션,入力のリダイレクト,REDIREZIONE DELL'INPUT,GIRIŞ YÖNLENDIRME,مدخلات إعادة توجيه,INGÅNGS OMDIRIGERING,INNGANG OMDIRIGERING,INPUT OMDIRIGERING,ZMIANA KLAWISZY,CAMBIAR CONTROLES,TULO UUDELLEENOHJAUS,TOETSEN HERLEIDEN,ALTERAÇÃO DE CONTROLOS,[i2auto]ΑΝΤΙΣΤΟΊΧΙΣΗ ΕΙΣΌΔΟΥ,[i2auto]INPUT MEGFELELŐ,[i2auto]POTRIVIRE DE INTRARE,[i2auto]ВХОД ЗА СЪВПАДЕНИЕ,[i2auto]การจับคู่การป้อนข้อมูล,[i2auto]VSTUP VYHOVUJÍCÍ,[i2auto]ВІДПОВІДНИЙ ВХІД
MOUSE SENSITIVITY,Text,,MOUSE SENSITIVITY,ЧУВСТВИТЕЛЬНОСТЬ МЫШИ,MAUS-EMPFINDLICHKEIT,鼠标灵敏度,鼠標靈敏度,SENSIBILITÉ DE LA SOURIS,SENSIBILIDADE DO MOUSE,마우스 감도,マウス感度,SENSIBILITÀ DEL MOUSE,FARE HASSASIYETI,حساسية الفأرة,MUSENS KÄNSLIGHET,MUS FØLSOMHET,MUSENS FØLSOMHED,CZUŁOŚĆ MYSZY,SENSIBILIDAD DEL RATON,HIIREN HERKKYYS,MUIS GEVOELIGHEID,SENSIBILIDADE DO RATO,[i2auto]ΕΥΑΙΣΘΗΣΊΑ ΤΟΥ ΠΟΝΤΙΚΙΟΎ,[i2auto]EGÉR ÉRZÉKENYSÉGÉT,[i2auto]SENSIBILITATEA MOUSE-ULUI,[i2auto]ЧУВСТВИТЕЛНОСТТА НА МИШКАТА,[i2auto]ความไวของเมาส์,[i2auto]CITLIVOST MYŠI,[i2auto]ЧУТЛИВІСТЬ МИШІ
FIELD OF VIEW (VERTICAL),Text,,FIELD OF VIEW (VERTICAL),УГОЛ ОБЗОРА (ВЕРТИКАЛЬНЫЙ),SICHTFELD (VERTIKAL),视角,視角,ANGLE DE VISION (VERTICAL),PONTO DE VISTA (VERTICAL),시야각,視角,ANGOLO DI VISIONE,GÖRÜŞ AÇISI,زاوية الرؤية,BETRAKTNINGSVINKEL,VISNINGSVINKEL,BETRAGTNINGSVINKEL,POLE WIDZENIA,CAMPO DE VISION (VERTICAL),KATSELUKULMA,KIJK HOEK,CAMPO DE VISÃO (VERTICAL),[i2auto]ΟΠΤΙΚΌ ΠΕΔΊΟ (ΚΆΘΕΤΟ),[i2auto]MEZŐ (MERŐLEGES),[i2auto]CÂMP (PERPENDICULAR),[i2auto]ПОЛЕ (ПЕРПЕНДИКУЛЯРНО),[i2auto]ฟิลด์ (ตั้งฉาก),[i2auto]POLE (KOLMÉ),[i2auto]ПОЛЕ (ПЕРПЕНДИКУЛЯРНИЙ ДО)
MASTER VOLUME,Text,,MASTER VOLUME,ГРОМКОСТЬ ИГРЫ,GESAMTLAUTSTÄRKE,主音量,主音量,VOLUME PRINCIPAL,VOLUME PRINCIPAL,마스터 볼륨,マスターボリューム,VOLUME PRINCIPALE,ANA SES,الصوت الرئيسي,MASTERVOLYM,HOVEDVOLUMET,MASTER VOLUMEN,GŁOŚNOŚĆ,VOLUMEN PRINCIPAL,MASTER VOLUME,HOOFD VOLUME,VOLUME GLOBAL,[i2auto]ΠΛΟΊΑΡΧΟΣ ΤΟΥ ΌΓΚΟΥ,[i2auto]MASTER TUMOR,[i2auto]TUMORA MASTER,[i2auto]MASTER ТУМОР,[i2auto]เนื้องอก MASTER,[i2auto]MASTER NÁDOR,[i2auto]MASTER ПУХЛИНИ
SOUND EFFECTS VOLUME,Text,,SOUND EFFECTS VOLUME,Громкость Эффектов,GERÄUSCH LAUTSTÄRKE,的声音效果的量,的聲音效果的量,VOLUME DES EFFETS SONORES,O VOLUME DE EFEITOS SONOROS,효과음의 음량,効果音の音量,IL VOLUME DEGLI EFFETTI SONORI,SES EFEKTLERI SESI,حجم المؤثرات الصوتية,VOLYMEN AV LJUDEFFEKTER,VOLUMET AV LYDEFFEKTER,MÆNGDEN AF ​​LYDEFFEKTER,GŁOŚNOŚĆ EFEKTÓW DŹWIĘKOWYCH,VOLUMEN DE LOS EFECTOS DE SONIDO,ÄäNITEHOSTEIDEN ääNENVOIMAKKUUS,GELUIDSEFFECTEN,VOLUME DOS EFEITOS SONOROS,[i2auto]ΌΓΚΟ ΗΧΗΤΙΚΆ ΕΦΈ,[i2auto]KÖTET HANGHATÁSOK,[i2auto]EFECTE DE SUNET DE VOLUM,[i2auto]ОБЕМ НА ЗВУКОВИ ЕФЕКТИ,[i2auto]ผลกระทบเสียงปริมาณ,[i2auto]HLASITOSTI EFEKTY,[i2auto]ОБСЯГ ЗВУКОВІ ЕФЕКТИ
MUSIC VOLUME,Text,,MUSIC VOLUME,Громкость Музыки,MUSIK LAUTSTÄRKE,的音乐的音量,的音樂的音量,VOLUME DE LA MUSIQUE,O VOLUME DA MÚSICA,음악의 음량,音楽の音量,IL VOLUME DELLA MUSICA,MÜZIK VE SES,حجم الموسيقى,VOLYMEN AV MUSIK,VOLUMET AV MUSIKKEN,MÆNGDEN AF ​​MUSIKKEN,GłOśNOść MUZYKI,VOLUMEN DE LA MUSICA,MUSIIKIN ääNENVOIMAKKUUS,MUZIEK VOLLUME,VOLUME DA MÚSICA,[i2auto]ΈΝΤΑΣΗ ΤΗΣ ΜΟΥΣΙΚΉΣ,[i2auto]INTENZITÁS MUSIC,[i2auto]MUSIC INTENSITATE,[i2auto]ИНТЕНЗИВНОСТ MUSIC,[i2auto]MUSIC เข้ม,[i2auto]INTENZITA MUSIC,[i2auto]ІНТЕНСИВНІСТЬ MUSIC
NOTIFICATIONS VOLUME,Text,,NOTIFICATIONS VOLUME,Громкость Уведомлений,BENACHRICHTIGUNGS LAUTSTÄRKE,通知量,通知量,VOLUME DES NOTIFICATIONS,A QUANTIDADE DE AVISO,통지의 양,通知の量,LA QUANTITÀ DI PREAVVISO,BILDIRIM SESLERI,كمية إشعار,NOTIFIKATIONS VOLYM,MENGDEN AV INNKALLING,MÆNGDEN AF ​​BEKENDTGØRELSEN,ILOŚĆ POWIADOMIENIA,VOLUMEN DE LAS NOTIFICACIONES,ILMOITUSTEN ääNENVOIMAKKUUS,NOTIFICATIES,VOLUME DE NOTIFICAÇÕES,[i2auto]ΌΓΚΟΣ ΤΩΝ ΚΟΙΝΟΠΟΙΉΣΕΩΝ,[i2auto]VOLUME ÉRTESÍTÉSEK,[i2auto]NOTIFICĂRI VOLUME,[i2auto]УВЕДОМЛЕНИЯ VOLUME,[i2auto]การแจ้งเตือน VOLUME,[i2auto]OZNÁMENÍ VOLUME,[i2auto]ПОВІДОМЛЕННЯ ТОМ
ALLOW DYNAMIC OPTIMIZATION,Text,,ALLOW DYNAMIC OPTIMIZATION,Разрешить динамическую оптимизацию,DYNAMISCHE OPTIMIERUNG ERLAUBEN,允许动态OPTIIMIZATION,允許動態OPTIIMIZATION,PERMETTRE L'OPTIMISATION DYNAMIQUE,PERMITIR OPTIMIZAÇÃO DINÂMICA,동적 OPTIIMIZATION을 허용,ダイナミックOPTIIMIZATIONを許可します,CONSENTIRE OPTIIMIZATION DINAMICA,DINAMIK OPTIMIZASYONLARA IZIN VER,السماح OPTIIMIZATION ديناميكية,TILLåT DYNAMISK OPTIMIZATION,TILLAT DYNAMISK OPTIMALISERING,TILLADE DYNAMISK OPTIIMIZATION,UMOŻLIWIAJĄ DYNAMICZNĄ OPTIIMIZATION,PERMITIR OPTIMIZACION DINAMICA,SALLIA DYNAAMINEN OPTIIMIZATION,DYNAMISCHE OPTIES TOESTAAN,PERMITIR OTIMIZAÇÃO DINÂMICA,[i2auto]ΕΠΙΤΡΈΠΟΥΝ ΤΗ ΔΥΝΑΜΙΚΉ ΒΕΛΤΙΣΤΟΠΟΊΗΣΗ,[i2auto]LEHETŐVÉ TESZI A DINAMIKUS OPTIMALIZÁLÁS,[i2auto]PERMITE OPTIMIZAREA DINAMICĂ,[i2auto]ПОЗВОЛИ ДИНАМИЧНА ОПТИМИЗАЦИЯ,[i2auto]เปิดใช้งานการเพิ่มประสิทธิภาพแบบไดนามิก,[i2auto]UMOŽŇUJÍ DYNAMICKÉ OPTIMALIZACE,[i2auto]ВКЛЮЧИТИ ДИНАМІЧНИЙ КОНТРАСТ І ПІДСИЛЕННЯ
APPLY CHANGES,Text,,APPLY CHANGES,ПРИМЕНИТЬ ИЗМЕНЕНИЯ,ÄNDERUNGEN ÜBERNEHMEN,应用更改,應用更改,APPLIQUER LES MODIFICATIONS,APLICAR MUDANÇAS,변경 사항을 적용,変更を適用します,APPLICA I CAMBIAMENTI,DEĞIŞIKLIKLERI UYGULA,نفذ التغييرات,APPLICERA FÖRÄNDRINGAR,AKSEPTER ENDRINGER,ANVENDE ÆNDRINGERNE,ZATWIERDŹ ZMIANY,APLICAR CAMBIOS,OTA MUUTOKSET KÄYTTÖÖN,VERANDERINGEN TOEPASSEN,APLICAR MUDANÇAS,[i2auto]ΕΦΑΡΜΟΓΉ ΤΩΝ ΑΛΛΑΓΏΝ,[i2auto]VÁLTOZÁSOK VÉGREHAJTÁSÁHOZ,[i2auto]PUNEREA ÎN APLICARE A MODIFICĂRILOR,[i2auto]ПРИЛАГАНЕ НА ПРОМЕНИ,[i2auto]ดำเนินการเปลี่ยนแปลง,[i2auto]IMPLEMENTOVAT ZMĚNY,[i2auto]ВНОСИТИ ЗМІНИ
CANCEL CHANGES,Text,,CANCEL CHANGES,ОТМЕНИТЬ ИЗМЕНЕНИЯ,ÄNDERUNGEN VERWERFEN,取消更改,取消更改,ANNULER LES MODIFICATIONS,CANCELAR AS ALTERAÇÕES,변경 사항을 취소,変更をキャンセル,ANNULLARE LE MODIFICHE,DEĞIŞIKLIKLERI IPTAL ET,إلغاء التغييرات,AVBRYTA ÄNDRINGARNA,AVBRYTE ENDRINGER,ANNULLERE ÆNDRINGER,ANULOWAĆ ZMIANY,CANCELAR CAMBIOS,PERUUTA MUUTOKSET,VERANDERINGEN ANNULEREN,	CANCELAR ALTERAÇÕES,[i2auto]ΑΚΥΡΏΣΕΤΕ ΤΙΣ ΑΛΛΑΓΈΣ,[i2auto]ELVETÉSÉHEZ,[i2auto]ANULAțI MODIFICĂRILE,[i2auto]ОТКАЗВАНЕ НА ПРОМЕНИ,[i2auto]ยกเลิกการเปลี่ยนแปลง,[i2auto]ZRUŠENÍ ZMĚN,[i2auto]СКАСУВАТИ ЗМІНИ
CANCEL CHANGES[touch],Text,,,,,,,,,,,,,,,,,,,,,CANCELAR ALTERAÇÕES,[i2auto]ΑΚΥΡΏΣΕΤΕ ΤΙΣ ΑΛΛΑΓΈΣ,[i2auto]ELVETÉSÉHEZ,[i2auto]ANULAțI MODIFICĂRILE,[i2auto]ОТКАЗВАНЕ НА ПРОМЕНИ,[i2auto]ยกเลิกการเปลี่ยนแปลง,[i2auto]ZRUŠENÍ ZMĚN,[i2auto]СКАСУВАТИ ЗМІНИ
PRESET,Text,,PRESET,ПРЕДУСТАНОВКИ,VOREINSTELLUNG,预设,預設,PRÉDÉFINI,PRÉ-DEFINIÇÃO,사전,プリセット,PRESET,ÖNCEDEN AYARLANMIŞ,مسبقا,FÖRINSTÄLLA,FORHÅNDSINNSTILT,FORUDINDSTILLET,USTAWIENIE,PROGRAMAR,VALMIIKSI,STANDAARD,PREDEFINIÇÃO,[i2auto]ΠΡΟΚΑΘΟΡΙΣΜΈΝΟ,[i2auto]ALAPÉRTELMEZETT,[i2auto]LIPSĂ,[i2auto]ПОДРАЗБИРАНЕ,[i2auto]ผิดนัด,[i2auto]STANDARDNÍ,[i2auto]ДЕФОЛТ
LOW,Text,,LOW,НИЗКИЙ,NIEDRIG,低,低,BAS,BAIXO,낮은,低いです,BASSO,DÜŞÜK,منخفض,LÅG,LAV,LAV,NISKIE,BAJO,MATALA,LAAG,BAIXO,[i2auto]ΧΑΜΗΛΌΣ,[i2auto]LOW,[i2auto]LOW,[i2auto]LOW,[i2auto]ต่ำ,[i2auto]LOW,[i2auto]LOW
MEDIUM,Text,,MEDIUM,СРЕДНИЙ,MITTEL,平均,平均,MOYEN,MÉDIA,평균,平均,MEDIA,ORTALAMA,متوسط,MEDIUM,MEDIUM,GENNEMSNIT,ŚREDNIE,MEDIO,KESKIMÄÄRIN,GEMIDDELD,MÉDIO,[i2auto]ΜΈΣΟΝ,[i2auto]KÖZEPES,[i2auto]MEDIU,[i2auto]СРЕДА,[i2auto]กลาง,[i2auto]STŘEDNÍ,[i2auto]СЕРЕДА
HIGH,Text,,HIGH,Высокий,HOCH,高,高,HAUT,ALTO,높은,高い,ALTO,YÜKSEK,عالي,HÖG,HØY,HØJ,WYSOKIE,ALTO,KORKEA,HOOG,ALTO,[i2auto]ΨΗΛΆ,[i2auto]NAGY,[i2auto]MARE,[i2auto]ВИСОКО,[i2auto]สูง,[i2auto]VYSOKÝ,[i2auto]ВИСОКА
WINDOW,Text,,WINDOW,Оконный,FENSTER,窗口,窗口,MODE FENêTRE,JANELA,창문,ウィンドウ,FINESTRA,PENCERE,نافذة,FÖNSTER,VINDU,VINDUE,OKNO,MODO VENTANA,IKKUNA,GERUIT,JANELA,[i2auto]ΠΑΡΆΘΥΡΟ,[i2auto]ABLAK,[i2auto]FEREASTRĂ,[i2auto]ПРОЗОРЕЦ,[i2auto]หน้าต่าง,[i2auto]OKNO,[i2auto]ВІКНО
FULLSCREEN,Text,,FULLSCREEN,ПОЛНОЭКРАННЫЙ,VOLLBILD,全屏,全屏,PLEIN ÉCRAN,TELA CHEIA,전체 화면,全画面表示,A SCHERMO INTERO,TAM EKRAN,تكبير الشاشة,FULLSKÄRM,FULL SKJERM,FULD SKÆRM,PEŁNY EKRAN,MODO PANTALLA COMPLETA,KOKO NÄYTTÖ,VOLLEDIG SCHERM,ECRÃ INTEIRO,[i2auto]ΠΛΗΡΗΣ ΟΘΟΝΗ,[i2auto]FULL SCREEN,[i2auto]ECRAN FULL,[i2auto]FULL SCREEN,[i2auto]เต็มหน้าจอ,[i2auto]FULL SCREEN,[i2auto]FULL SCREEN
VSYNC OFF,Text,,VSYNC OFF,Вертикальная Синхронизация Отключена,VSYNC AUS,垂直同步关闭,垂直同步關閉,VSYNC OFF,VSYNC OFF,VSYNC 오프,VSYNCオフ,VSYNC OFF,VSYNC KAPALI,VSYNC قبالة,VSYNC OFF,VSYNC AV,VSYNC FRA,VSYNC OFF,VSYNC APAGADO,VSYNC POIS,VSYNC UIT,VSYNC DESLIGADO,[i2auto]VSYNC OFF,[i2auto]VSYNC OFF,[i2auto]VSYNC OFF,VSYNC OFF,[i2auto]VSYNC ปิด,[i2auto]VSYNC OFF,[i2auto]VSYNC ВИМКНЕНИЙ
VSYNC ON,Text,,VSYNC ON,VSYNC ВКЛЮЧЁН,VSYNC AN,VSYNC上,VSYNC上,VSYNC ON,VSYNC ATIVADO,에 수직 동기화,上のVSYNC,VSYNC SU,VSYNC AçıK,VSYNC على,VSYNC PÅ,VSYNC PÅ,VSYNC PÅ,VSYNC NA,VSYNC PRENDIDO,VSYNC ON,VSYNC AAN,VSYNC LIGADO,[i2auto]VSYNC ΓΙΑ,[i2auto]VSYNC SZÁMÁRA,[i2auto]VSYNC PENTRU,VYSNC ON,[i2auto]VSYNC สำหรับ,[i2auto]VSYNC PRO,[i2auto]VSYNC ДЛЯ
ANTIALIASING OFF,Text,,ANTIALIASING OFF,Сглаживание Отключено,ANTIALIASING AUSSCHALTEN,抗锯齿关闭,抗鋸齒關閉,ANTICRÉNELAGE OFF,ANTIALIASING OFF,오프 앤티 앨리어싱,アンチエイリアス機能,ANTIALIAS OFF,KAPALI ANTIALIASING,الحواف خارج,KANTUTJÄMNING AV,ANTIALIASING OFF,ANTIALIASING OFF,ANTIALIASING WYŁĄCZONY,ANTIALIASING APAGADO,ANTIALIASING POIS,ANTI-ALIASING UITGESCHAKELD,ANTIALIASING DESLIGADO,[i2auto]ANTIALIASING OFF,[i2auto]ÉLSIMÍTÁS KIKAPCSOLÁSA,[i2auto]ANTIALIASING OFF,[i2auto]ЗАГЛАЖДАНЕ НА РАЗСТОЯНИЕ,[i2auto]การลดรอยหยักปิด,[i2auto]ANTIALIASING OFF,[i2auto]АНТИАЛИАСИНГ ВИМКНЕНИЙ
ANTIALIASING (FXAA),Text,,ANTIALIASING (FXAA),СГЛАЖИВАНИЕ (FXAA),ANTIALIASING (FXAA),抗锯齿（FXAA）,抗鋸齒（FXAA）,ANTICRÉNELAGE (FXAA),ANTIALIASING (FXAA),안티 앨리어싱 (FXAA),アンチエイリアシング（FXAA）,ANTIALIASING (FXAA),ANTIALIASING (FXAA),الحواف (FXAA),KANTUTJÄMNING (FXAA),ANTIALIASING (FXAA),ANTIALIASING (FXAA),ANTYALIASING (FXAA),ANTIALIASING (FXAA),ANTIALIASING (FXAA),ANTIALIASING (FXAA),ANTIALIASING (FXAA),[i2auto]ANTIALIASING (FXAA),[i2auto]ÉLSIMÍTÁS (FXAA),[i2auto]ANTIALIASING (FXAA),[i2auto]ЗАГЛАЖДАНЕ (FXAA),[i2auto]ลดรอยหยัก (FXAA),[i2auto]ANTIALIASING (FXAA),[i2auto]ЗГЛАДЖУВАННЯ (FXAA)
ANTIALIASING (SMAA),Text,,ANTIALIASING (SMAA),Сглаживание (SMAA),ANTIALIASING (SMAA),抗锯齿（小）,抗鋸齒（小）,ANTICRÉNELAGE (SMAA),ANTIALIASING (PEQUENO),안티 앨리어싱 (작은),アンチエイリアシング（小）,ANTIALIASING (PICCOLO),ANTIALIASING (SMAA),الحواف (صغير),KANTUTJÄMNING (LITEN),ANTIALIASING (LITEN),ANTIALIASING (LILLE),ANTYALIASING (SMAA),ANTIALIASING (SMAA),ANTIALIASING (PIENI),ANTIALIASING (SMAA),ANTIALIASING (SMAA),ANTIALIASING (SMAA),[i2auto]ÉLSIMÍTÁS (SMAA),[i2auto]ANTIALIASING (SMAA),[i2auto]ЗАГЛАЖДАНЕ (SMAA),[i2auto]ลดรอยหยัก (SMAA),ANTIALIASING (SMAA),[i2auto]ЗГЛАДЖУВАННЯ (SMAA)
DYNAMIC REFLECTIONS OFF,Text,,DYNAMIC REFLECTIONS OFF,ДИНАМИЧЕСКИЕ ОТРАЖЕНИЯ ОТКЛ,DYNAMISCHE REFLEKTIONEN AUS,动态反射关闭,動態反射關閉,RéFLEXIONS DYNAMIQUES DéSACTIVéES,REFLEXOS DINÂMICOS OFF,오프 동적 반사,動的反射オフ,RIFLESSI DINAMICI OFF,DINAMIK YANSIMALAR KAPALI,تأملات ديناميكية قبالة,DYNAMISKA REFLEKTIONER OFF,DYNAMISKE REFLEKSJONER AV,DYNAMISKE REFLEKSIONER OFF,DYNAMICZNE ODBICIA WYłąCZONE,REFLEJOS DINAMICOS APAGADO,DYNAAMINEN HEIJASTUKSET,DYNAMISCHE REFLECTIES UIT,REFLEXOS DINÂMICOS DESLIGADO,[i2auto]ΔΥΝΑΜΙΚΈΣ ΑΝΑΚΛΆΣΕΙΣ,[i2auto]DINAMIKUS ANAKLASEIS,[i2auto]ANAKLASEIS DINAMICE,[i2auto]DYNAMIC ANAKLASEIS,[i2auto]ANAKLASEIS DYNAMIC,[i2auto]DYNAMIC ANAKLASEIS,[i2auto]ДИНАМІЧНІ ANAKLASEIS
DYNAMIC REFLECTIONS ON,Text,,DYNAMIC REFLECTIONS ON,Динамические Отражения Вкючены,DYNAMISCHE REFLEKTIONEN AN,动态思考,動態思考,RéFLEXIONS DYNAMIQUES ACTIVéES,REFLEXÕES SOBRE DINÂMICAS,동적 반사,上の動的反射,RIFLESSIONI DINAMICHE SU,DINAMIK YANSIMALAR AÇIK,تأملات الحيوية على,DYNAMISKA REFLEKTIONER OM,DYNAMISKE REFLEKSJONER,DYNAMISKE OVERVEJELSER OM,DYNAMICZNE ODBICIA WłąCZONE,REFLEJOS DINAMICOS PRENDIDO,DYNAAMINEN POHDINTOJA,DYNAMISCHE REFLECTIES AAN,REFLEXOS DINÂMICOS LIGADO,[i2auto]ΔΥΝΑΜΙΚΉ ΣΚΈΨΕΙΣ ΓΙΑ,[i2auto]DINAMIKUS TÖPRENGETT,[i2auto]CHIBZUIND DINAMIC,[i2auto]ДИНАМИЧЕН РАЗМИШЛЕНИЕ,[i2auto]ขบคิดแบบไดนามิก,[i2auto]DYNAMICKÁ PONDERING,[i2auto]ДИНАМІЧНА ОБДУМУВАННЯ
MOTION BLUR OFF,Text,,MOTION BLUR OFF,РАЗМЫТИЕ ДВИЖЕНИЯ ОТКЛ,BEWEGUNGSUNSCHÄRFE AUS,从模糊,從模糊,EFFET DE FLOU OFF,MOTION BLUR OFF,에서 흐림,からぼかし,SFOCATURA DA,HAREKET BULANıKLığı KAPALı,طمس من,OSKÄRPA FRÅN,DIMME FRA,SLØRE FRA,ROZYMCIE EKRANU WYłąCZONE,DESENFOQUE DE MOVIMIENTO APAGADO,HÄMÄRTÄÄ ALKAEN,BEWEGINGS BLUR UIT,EFEITO DESFOCADO DESLIGADO,[i2auto]MOTION BLUR OFF,[i2auto]MOTION BLUR OFF,[i2auto]NECLARITATE ÎN MIșCARE OFF,[i2auto]MOTION BLUR РАЗСТОЯНИЕ,[i2auto]การเคลื่อนไหวเบลอปิด,[i2auto]MOTION BLUR OFF,[i2auto]РОЗМИТІСТЬ ВИКЛ
MOTION BLUR LOW,Text,,MOTION BLUR LOW,РАЗМЫТИЕ ДВИЖЕНИЯ НИЗКО,BEWEGUNGSUNSCHÄRFE NIEDRIG,运动模糊低,運動模糊低,EFFET DE FLOU BAS,MOTION BLUR BAIXO,모션 블러 낮음,モーションブラー低,MOTION BLUR BASSO,HAREKET BULANIKLIĞI DÜŞÜK,منخفض الضبابية,RÖRELSEOSKÄRPA LÅG,BEVEGELSESUSKARPHET LAV,MOTION BLUR LAV,ROZMYCIE EKRANU NISKIE,DESENFOQUE DE MOVIMIENTO BAJO,LIIKKEESSÄ HÄMÄRTÄÄ ALHAINEN,BEWEGINGS BLUR LAAG,EFEITO DESFOCADO BAIXO,[i2auto]MOTION BLUR ΧΑΜΗΛΉ,[i2auto]MOTION BLUR ALACSONY,[i2auto]NECLARITATE ÎN MIșCARE REDUSĂ,[i2auto]MOTION BLUR НИСКА,[i2auto]การเคลื่อนไหวเบลอต่ำ,[i2auto]MOTION BLUR NÍZKÁ,[i2auto]РОЗМИТІСТЬ ЗОБРАЖЕННЯ З НИЗЬКИМ
MOTION BLUR HIGH,Text,,MOTION BLUR HIGH,РАЗМЫТОСТЬ ВЫСОКОЙ,BEWEGUNGSUNSCHÄRFE HOCH,运动模糊高,運動模糊高,EFFET DE FLOU éLEVé,BORRÃO DE MOVIMENTO DE ALTA,모션 블러 높은에게,モーションブラー高,MOTION BLUR ALTO,HAREKET BULANIKLIĞI YÜKSEK,الضبابية عالية,RÖRELSEOSKÄRPA HÖG,BEVEGELSESUSKARPHET HØY,MOTION BLUR HØJ,ROZMYCIE EKRANU WYSKOIE,DESENFOQUE DE MOVIENTO ALTO,LIIKKEESSÄ HÄMÄRTÄÄ KORKEA,BEWEGINGS BLUR HOOG,EFEITO DESFOCADO ALTO,[i2auto]ΘΑΜΠΆΔΑ ΚΙΝΉΣΕΩΝ ΥΨΗΛΉΣ,[i2auto]MOTION BLUR HIGH,[i2auto]MOTION BLUR HIGH,[i2auto]РАЗМАЗВАНЕ ПРИ ДВИЖЕНИЕ HIGH,[i2auto]การเคลื่อนไหวเบลอ HIGH,[i2auto]MOTION BLUR HIGH,[i2auto]РОЗМИТІСТЬ ВИСОКИЙ
SHADOWS OFF,Text,,SHADOWS OFF,Тени Отключены,SCHATTEN AUS,阴影关闭,陰影關閉,OMBRES DéSACTIVéES,SOMBRAS OFF,오프 그림자,影オフ,OMBRE OFF,KAPALI GÖLGE,الظلال قبالة,SKUGGOR AV,SKYGGER OFF,SKYGGER OFF,CIENIE WYłąCZONE,SOMBRAS APAGADO,VARJOT POIS,SCHADUWEN UIT,SOMBRAS DESLIGADO,[i2auto]ΣΚΙΈΣ OFF,[i2auto]SHADOWS OFF,[i2auto]UMBRE OFF,[i2auto]ХВЪРЛЯ СЯНКА НА РАЗСТОЯНИЕ,[i2auto]เงาปิด,[i2auto]STÍNY OFF,[i2auto]ТІНІ ВІД
SHADOWS LOW,Text,,SHADOWS LOW,Низкие Тени,SCHATTEN NIEDRIG,阴影低,陰影低,OMBRES BASSES,SOMBRAS BAIXO,그림자 낮은,低影,OMBRE BASSO,GÖLGELER DÜŞÜK,انخفاض الظلال,SKUGGOR LÅG,SKYGGER LAV,SKYGGER LAV,CIENIE NISKIE,SOMBRAS BAJO,VARJOT ALHAINEN,SCHADUWEN LAAG,SOMBRAS BAIXO,[i2auto]ΣΚΙΈΣ ΧΑΜΗΛΉ,[i2auto]SHADOWS ALACSONY,[i2auto]UMBRE SCĂZUTĂ,[i2auto]SHADOWS НИСКА,[i2auto]ต่ำ SHADOWS,[i2auto]SHADOWS NÍZKÁ,[i2auto]ТІНІ НИЗЬКИЙ
SHADOWS HIGH,Text,,SHADOWS HIGH,Высокие Тени,SCHATTEN HOCH,阴影高,陰影高,OMBRES HAUTES,SOMBRAS ALTA,그림자 높은,高い影,OMBRE ALTO,GÖLGELER YÜKSEK,ارتفاع الظلال,SKUGGOR HÖG,SKYGGER HØY,SKYGGER HØJ,CIENIE WYSOKIE,SOMBRAS ALTA,VARJOT KORKEA,SCHADUWEN HOOG,SOMBRAS ALTA,[i2auto]ΣΚΙΈΣ ΥΨΗΛΉΣ,[i2auto]SHADOWS HIGH,[i2auto]SHADOWS HIGH,[i2auto]SHADOWS HIGH,[i2auto]SHADOWS HIGH,[i2auto]SHADOWS HIGH,[i2auto]ТІНІ ВИСОКИЙ
BLOOM OFF,Text,,BLOOM OFF,Блум Выключен,BLOOM AUS,盛开关闭,盛開關閉,BLOOM OFF,FLORESCER FORA,오프 꽃,オフ咲きます,FIORIRE OFF,TAZELIK KAPALı,تزدهر قبالة,BLOMMAR UT,BLOMSTRE OFF,BLOMSTRE OFF,BLOOM WłąCZONY,REFLEJO DE LUZ APAGADO,KUKKIVAT POIS,BLOOM UIT,BRILHO DE LUZES DESLIGADO,[i2auto]ΑΝΘΊΖΟΥΝ OFF,[i2auto]VIRÁGZIK KI,[i2auto]BLOOM OFF,[i2auto]ЦЪФТЯТ РАЗСТОЯНИЕ,[i2auto]บานออก,[i2auto]KVETOU OFF,[i2auto]РОЗКВІТАЮТЬ ВІД
BLOOM ON,Text,,BLOOM ON,Блум Включен,BLOOM AN,盛开,盛開,BLOOM ON,FLORESCER EM,에 꽃,咲きます,FIORIRE SU,TAZELIK AçıK,تزدهر على,BLOMMAR PÅ,BLOMSTRER PÅ,BLOMSTRER PÅ,BLOOM WYłąCZONY,REFLEJO DE LUZ PRENDIDO,KUKKIVAT,BLOEM AAN,BRILHO DE LUZES LIGADO,[i2auto]ΑΝΘΊΖΟΥΝ ΣΤΙΣ,[i2auto]VIRÁGZÁS,[i2auto]BLOOM ON,[i2auto]РАЗЦВЕТ ON,[i2auto]บาน,[i2auto]KVĚT ON,[i2auto]ЦВІТІННЯ ON
FILM GRAIN OFF,Text,,FILM GRAIN OFF,ФИЛЬМ ЗЕРНА ОТ,FILMROLLENEFFEKT AUS,胶片颗粒关闭,膠片顆粒關閉,GRAIN DE FILM ACTIVé,EFEITO DE FILME OFF,필름 그레인 오프,フィルムグレインオフ,GRANA DELLA PELLICOLA OFF,FİLM GRENİ KAPALI,فيلم الحبوب قبالة,FILMKORN AV,FILM KORN OFF,FILMKORN OFF,ZIARNO WYŁĄCZONY,FILM GRAIN APAGADO,RAKEISUUTTA POIS,FILM GRAIN UIT,EFEITO DE FILME DESLIGADO,[i2auto]ΦΙΛΜ ΣΙΤΗΡΏΝ OFF,[i2auto]GABONA FILM OFF,[i2auto]GRANULAțIE FILM OFF,[i2auto]ЗЪРНО ФИЛМ НА РАЗСТОЯНИЕ,[i2auto]เนื้อฟิล์มปิด,[i2auto]ZRNO FILMU OFF,[i2auto]ЗЕРНИСТОСТІ ПЛІВКИ ВІД
FILM GRAIN ON,Text,,FILM GRAIN ON,ФИЛЬМ ЗЕРНА НА,FILMROLLENEFFEKT AN,胶片颗粒上,膠片顆粒上,GRAIN DE FILM DéSACTIVé,EFEITO DE FILME ON,필름 그레인에,フィルムグレインの,GRANA DELLA PELLICOLA SU,FİLM GRENİ AÇIK,فيلم الحبوب على,FILMKORNIGHET PÅ,FILM KORN PÅ,FILMKORN PÅ,ZIARNO NA,FILM GRAIN PRENDIDO,RAKEISUUTTA ON,FILM GRAIN AAN,EFEITO DE FILME LIGADO,[i2auto]ΣΕ ΚΌΚΚΟΥΣ ΤΑΙΝΊΑ,[i2auto]GRAIN FILM,[i2auto]FILM CEREALE,[i2auto]ЗЪРНО ФИЛМ,[i2auto]ภาพยนตร์ GRAIN,[i2auto]GRAIN FILM,[i2auto]ЗЕРНО ФІЛЬМ
VIGNETTE OFF,Text,,VIGNETTE OFF,ВИНЬЕТКА ВЫКЛЮЧЕН,VIGNETTE AUS,小品关闭,小品關閉,VIGNETTE ACTIVéE,VINHETA OFF,림 오프,ビネットオフ,VIGNETTA OFF,SKEÇ KAPALI,المقالة القصيرة قبالة,VINJETT OFF,VIGNETT OFF,VIGNET OFF,WINIETA WYŁĄCZONY,VIÑETA APAGADO,VINJETTI POIS,VIGNETTE UIT,EFEITO DE VINHETA DESLIGADO,[i2auto]ΒΙΝΙΈΤΑ OFF,[i2auto]MATRICA OFF,[i2auto]VINIETĂ OFF,[i2auto]ВИНЕТКА РАЗСТОЯНИЕ,[i2auto]บทความออก,[i2auto]VINĚTA OFF,[i2auto]ВІНЬЄТКА ВІД
VIGNETTE ON,Text,,VIGNETTE ON,Виньетка Включена,VIGNETTE AN,小品上,小品上,VIGNETTE SUR,VINHETA EM,림에,上のビネット,VIGNETTE SU,SKEÇ ÜZERINDE,المقالة القصيرة على,VINJETT PÅ,VIGNETT PÅ,VIGNET PÅ,WINIETA NA,CON VIÑETA,VINJETTI ON,VIGNETTE AAN,EFEITO DE VINHETA LIGADO,[i2auto]ΓΙΑ ΒΙΝΙΈΤΑ,[i2auto]A MATRICA,[i2auto]PENTRU VINIETĂ,[i2auto]ЗА ВИНЕТКА,[i2auto]สำหรับบทความ,[i2auto]PRO VINĚTA,[i2auto]ДЛЯ ВІНЬЄТКА
TEXTURE RESOLUTION 1/8,Text,,TEXTURE RESOLUTION 1/8,Разрешение Текстур 1/8,TEXTURAUFLÖSUNG 1/8,纹理分辨率1/8,紋理分辨率1/8,RÉSOLUTION DE TEXTURE 1/8,RESOLUÇÃO TEXTURA 1/8,텍스처 해상도 1/8,テクスチャの解像度1/8,LA RISOLUZIONE DELLE TEXTURE 1/8,DOKU ÇÖZÜNÜRLÜĞÜ 1/8,قرار الملمس 1/8,TEXTUR UPPLÖSNING 1/8,TEKSTUR OPPLØSNING 1/8,TEKSTUR RESOLUTION 1/8,ROZDZIELCZOŚĆ TEKSTUR 1/8,RESOLUCION DE TEXTURAS 1/8,TEKSTUURIEN 1/8,TEXTUUR RESOLUTIE 1/8,RESOLUÇÃO DA TEXTURA 1/8,[i2auto]ΨΉΦΙΣΜΑ ΥΦΉ 1/8,[i2auto]FELBONTÁSÚ TEXTÚRA 1/8,[i2auto]REZOLUțIA TEXTURII 1/8,[i2auto]РЕЗОЛЮЦИЯ ТЕКСТУРА 1/8,[i2auto]เนื้อสัมผัสความละเอียด 1/8,[i2auto]ROZLIŠENÍ TEXTURY 1/8,[i2auto]ДОЗВІЛ ТЕКСТУРИ 1/8
TEXTURE RESOLUTION 1/4,Text,,TEXTURE RESOLUTION 1/4,Разрешение Текстур 1/4,TEXTURAUFLÖSUNG 1/4,纹理分辨率1/4,紋理分辨率1/4,RÉSOLUTION DE TEXTURE 1/4,RESOLUÇÃO TEXTURA 1/4,텍스처 해상도 1/4,テクスチャの解像度1/4,LA RISOLUZIONE DELLE TEXTURE 1/4,DOKU ÇÖZÜNÜRLÜĞÜ 1/4,قرار الملمس 1/4,TEXTUR UPPLÖSNING 1/4,TEKSTUR OPPLØSNING 1/4,TEKSTUR RESOLUTION 1/4,ROZDZIELCZOŚĆ TEKSTUR 1/4,RESOLUCION DE TEXTURAS 1/4,TEKSTUURIEN 1/4,TEXTUUR RESOLUTIE 1/4,RESOLUÇÃO DA TEXTURA 1/4,[i2auto]ΨΉΦΙΣΜΑ ΥΦΉ 1/4,[i2auto]FELBONTÁSÚ TEXTÚRA 1/4,[i2auto]REZOLUțIA TEXTURII 1/4,[i2auto]РЕЗОЛЮЦИЯ ТЕКСТУРА 1/4,[i2auto]เนื้อสัมผัสความละเอียด 1/4,[i2auto]ROZLIŠENÍ TEXTURY 1/4,[i2auto]ДОЗВІЛ ТЕКСТУРИ 1/4
TEXTURE RESOLUTION 1/2,Text,,TEXTURE RESOLUTION 1/2,Разрешение Текстур 1/2,TEXTURAUFLÖSUNG 1/2,纹理分辨率1/2,紋理分辨率1/2,RÉSOLUTION DE TEXTURE 1/2,RESOLUÇÃO TEXTURA 1/2,텍스처 해상도 1/2,テクスチャの解像度1/2,LA RISOLUZIONE DELLE TEXTURE 1/2,DOKU ÇÖZÜNÜRLÜĞÜ 1/2,قرار الملمس 1/2,TEXTUR UPPLÖSNING 1/2,TEKSTUR OPPLØSNING 1/2,TEKSTUR RESOLUTION 1/2,ROZDZIELCZOŚĆ TEKSTUR 1/2,RESOLUCION DE TEXTURAS 1/2,TEKSTUURIEN 1/2,TEXTUUR RESOLUTIE 1/2,RESOLUÇÃO DA TEXTURA 1/2,[i2auto]ΨΉΦΙΣΜΑ ΥΦΉ 1/2,[i2auto]FELBONTÁSÚ TEXTÚRA 1/2,[i2auto]REZOLUțIA TEXTURII 1/2,[i2auto]РЕЗОЛЮЦИЯ ТЕКСТУРА 1/2,[i2auto]เนื้อสัมผัสความละเอียด 1/2,[i2auto]ROZLIŠENÍ TEXTURY 1/2,[i2auto]ДОЗВІЛ ТЕКСТУРИ 1/2
TEXTURE RESOLUTION FULL,Text,,TEXTURE RESOLUTION FULL,ПОЛНОЕ РАЗРЕШЕНИЕ ТЕКСТУР,TEXTURAUFLÖSUNG VOLL,纹理分辨率全,紋理分辨率全,RÉSOLUTION DE TEXTURE COMPLÈTE,RESOLUÇÃO DE TEXTURA COMPLETO,전체 텍스처 해상도,フルテクスチャ解像度,LA RISOLUZIONE DELLE TEXTURE PIENO,TAM DOKU ÇÖZÜNÜRLÜĞÜ,قرار نسيج كامل,TEXTUR UPPLÖSNING FULLT,TEKSTUR OPPLØSNING FULLE,TEKSTUR OPLØSNING FULD,ROZDZIELCZOŚĆ TEKSTUR PEŁNA,RESOLUCION DE TEXTURAS COMPLETO,TEKSTUURIEN KOKO,TEXTUUR RESOLUTIE VOL,RESOLUÇÃO DE TEXTURA MÁXIMA,[i2auto]ΨΉΦΙΣΜΑ ΥΦΉ ΠΛΉΡΗ,[i2auto]TEXTÚRA FELBONTÁS TELJES,[i2auto]REZOLUțIE TEXTURA COMPLETĂ,[i2auto]ТЕКСТУРА РЕЗОЛЮЦИЯ ПЪЛЕН,[i2auto]ความละเอียดของเนื้อเต็ม,[i2auto]ROZLIŠENÍ TEXTURY FULL,[i2auto]ДОЗВІЛ ТЕКСТУР ПОВНИЙ
LEVEL COMPLETE,Text,,LEVEL COMPLETE,УРОВЕНЬ ПРОЙДЕН,LEVEL GESCHAFFT,级别完成,級別完成,NIVEAU TERMINE,NÍVEL COMPLETO,완전한 수준,完全なレベル,LIVELLO COMPLETO,SEVIYE TAMAMLANDı,مستوى كامل,NIVå AVKLARAD,NIVÅ KOMPLETT,NIVEAU KOMPLET,POZIOM UKOńCZONY,NIVEL COMPLETADO,TASO TÄYDELLINEN,LEVEL VOLTOOID,NÍVEL COMPLETO,[i2auto]ΕΠΊΠΕΔΟ ΠΛΉΡΟΥΣ,[i2auto]TELJES SZINTET,[i2auto]NIVELUL FULL,[i2auto]FULL НИВО,[i2auto]ระดับ FULL,[i2auto]FULL ÚROVEŇ,[i2auto]ПОВНИЙ РІВЕНЬ
YOU HAVE DIED,Text,,YOU HAVE DIED,ВЫ УМЕРЛИ,DU BIST GESTORBEN,你已经死了,你已經死了,VOUS ÊTES MORTS,VOCÊ MORREU,당신은 죽었다,あなたが死亡しています,SEI MORTO,öLDüN,كنت قد مات,DU HAR DÖTT,DU ER DØD,DU DøDE,NIE żYJESZ,HAS MUERTO,OLET KUOLLUT,JE BENT DOOD,MORRESTE,[i2auto]ΠΟΥ ΈΧΟΥΝ ΠΕΘΆΝΕΙ,[i2auto]AKIK MEGHALTAK,[i2auto]CARE AU MURIT,[i2auto]КОИТО СА УМРЕЛИ,[i2auto]ที่มีผู้เสียชีวิต,[i2auto]KTEŘÍ ZEMŘELI,[i2auto]ХТО ПОМЕР
REPLAY LEVEL,Text,,REPLAY LEVEL,Повтор Уровня,LEVEL NEUSTARTEN,重播水平,重播水平,REJOUER LE NIVEAU,RECOMEÇAR NÍVEL,재생 레벨,リプレイレベル,LIVELLO DI RIPRODUZIONE,YENİDEN OYNA,مستوى اعادتها,SPELA OM NIVå,START På NYTT,REPLAY-NIVEAU,POWTóRZ POZIOM,REPETIR NIVEL,PELAA UUDELLEEN,LEVEL OPNIEUW SPELEN,RECOMEÇAR NÍVEL,[i2auto]ΕΠΊΠΕΔΟ REPLAY,[i2auto]VISSZAJÁTSZÁS SZINTET,[i2auto]NIVELUL DE RELUARE,[i2auto]НИВО ПРЕИГРАВАНЕ,[i2auto]ระดับการเล่นใหม่,[i2auto]ÚROVEŇ REPLAY,[i2auto]РІВЕНЬ ВІДТВОРЕННЯ
RETURN TO MENU,Text,,RETURN TO MENU,ВЕРНУТЬСЯ К МЕНЮ,ZURÜCK ZUM MENÜ,返回菜单,返回菜單,RETOURNER AU MENU,RETORNAR AO MENU,메뉴로 돌아가,メニューに戻ります,TORNARE AL MENU,MENüYE DöN,العودة إلى القائمة,ÅTERGÅ TILL MENYN,TILBAKE TIL MENYEN,TILBAGE TIL MENU,POWRóć DO MENU,VOLVER AL MENU,PALAA VALIKKOON,TERUG NAAR HET MENU,VOLTAR AO MENU,[i2auto]ΕΠΙΣΤΡΈΨΕΤΕ ΣΤΟ ΜΕΝΟΎ,[i2auto]VISSZATÉR A MENÜ,[i2auto]A REVENI LA MENIUL,[i2auto]СЕ ВЪРНЕТЕ КЪМ МЕНЮТО,[i2auto]กลับไปที่เมนู,[i2auto]NÁVRAT DO MENU,[i2auto]ПОВЕРНУТИСЯ В МЕНЮ
QUIT TO MENU,Text,,QUIT TO MENU,Выйти в Меню,ZURüCK INS MENü,退出菜单,退出菜單,QUITTER JUSQU'AU MENU,SAIR PARA O MENU,메뉴에 종료,メニューに終了します,USCIRE AL MENU,MENÜYE ÇIK,الإقلاع عن التدخين إلى القائمة,AVSLUTA TILL MENYN,SLUTTET TIL MENY,AFSLUT TIL MENU,WYJDź DO MENU,SALIR AL MENU,LOPETTAA VALIKKOON,TERUG NAAR MENU,SAIR PARA O MENU,[i2auto]ΣΤΑΜΑΤΉΣΟΥΝ ΣΤΟ ΜΕΝΟΎ,[i2auto]KILÉP A MENÜBŐL,[i2auto]RENUNțE LA MENIU,[i2auto]ОТКАЖАТ ДА МЕНЮ,[i2auto]เลิกไปที่เมนู,[i2auto]SKONČIT NA MENU,[i2auto]ВИЙТИ В МЕНЮ
RESTART LEVEL,Text,,RESTART LEVEL,ПЕРЕЗАПУСТИТЬ УРОВЕНЬ,LEVEL NEUSTARTEN,重启水平,重啟水平,RECOMMENCER LE NIVEAU,RECOMEÇAR NÍVEL,다시 시작 레벨,再起動レベル,LIVELLO DI RIAVVIO,BöLüMü YENIDEN BAşLAT,مستوى إعادة التشغيل,ÅTERSTART NIVÅ,RESTART NIVÅ,GENSTART NIVEAU,ROZPOCZNIJ POZIOM OD NOWA,REINICIAR NIVEL,ALOITA UUDELLEEN,LEVEL OPNIEUW BEGINNEN,RECOMEÇAR NÍVEL,[i2auto]ΕΠΑΝΕΚΚΊΝΗΣΗ ΕΠΊΠΕΔΟ,[i2auto]ÚJRAINDÍTÁSÁT SZINTET,[i2auto]NIVELUL REPORNIRE,[i2auto]РЕСТАРТИРАНЕ НИВО,[i2auto]ระดับเริ่มต้นใหม่,[i2auto]RESTART LEVEL,[i2auto]РЕСТАРТ РІВНЯ
RESUME,Text,,RESUME,ПРОДОЛЖИТЬ,FORTSETZEN,恢复,恢復,REPRENDRE,RESUMIR,이력서,履歴書,CURRICULUM VITAE,DEVAM,استئنف,FORTSÄTT,GJENOPPTA,GENOPTAG,WZNOWIĆ,CONTINUAR,JATKA,GA DOOR,RESUMIR,[i2auto]ΠΕΡΊΛΗΨΗ,[i2auto]ÖSSZEFOGLALÁS,[i2auto]REZUMAT,[i2auto]ОБОБЩЕНИЕ,[i2auto]ย่อ,[i2auto]SHRNUTÍ,[i2auto]РЕЗЮМЕ
INPUT OPTIONS,Text,,INPUT OPTIONS,Настройки Управления,EINGABEOPTIONEN,输入选项,輸入選項,OPTIONS D'ENTRÉE,OPÇÕES DE ENTRADA,입력 옵션,入力オプション,OPZIONI DI INPUT,GIRIŞ SEÇENEKLERI,خيارات الإدخال,INMATNINGSALTERNATIV,INNGANGSALTERNATIVER,INPUT MULIGHEDER,OPCJE WEJŚCIOWE,CAMBIAR CONTROLES,SYÖTTÖLAITTEISIIN,INVOERMOGELIJKHEDEN,OPÇÕES DE CONTROLOS,[i2auto]ΕΠΙΛΟΓΈΣ ΕΙΣΌΔΟΥ,[i2auto]OPTIONS BEJEGYZÉST,[i2auto]INTRARE OPTIUNI,[i2auto]ВЛИЗАНЕ ВАРИАНТИ,[i2auto]รายการตัวเลือก,[i2auto]POLOŽKA OPTIONS,[i2auto]ЗАПИС ВАРІАНТИ
CUSTOM,Text,,CUSTOM,ИЗГОТОВЛЕННЫЙ НА ЗАКАЗ,BENUTZERDEFINIERT,习俗,習俗,PERSONALISé,PERSONALIZADAS,관습,カスタム,COSTUME,öZEL,عرف,BESTÄLLNINGS-,EGENDEFINERT,BRUGERDEFINEREDE,WłASNE,PERSONALIZADO,ASIAKASSUHDE,AANGEPAST,PERSONALIZADAS,[i2auto]ΈΘΙΜΟ,[i2auto]SZOKÁS,[i2auto]OBICEI,[i2auto]ОБИЧАЙ,[i2auto]ประเพณี,[i2auto]ZVYK,[i2auto]ВИГОТОВЛЕНИЙ НА ЗАМОВЛЕННЯ
